#柤慜,"惈暿(0=椉,1=抝,2=彈)","僞僀僾(0=椉曽,1=寱巑,2=僈儞僫乕)",儗傾搙,僗儘僢僩悢,擖庤帪婜乛廤仚乮99=廤擖庤晄壜乯,擖庤帪婜乛懞仚乮99=懞擖庤晄壜乯,弶婜杊屼椡,嵟廔杊屼椡,壩懴惈,悈懴惈,棆懴惈,昘懴惈,棿懴惈,僗僉儖宯摑1,僗僉儖抣1,僗僉儖宯摑2,僗僉儖抣2,僗僉儖宯摑3,僗僉儖抣3,僗僉儖宯摑4,僗僉儖抣4,僗僉儖宯摑5,僗僉儖抣5,惗嶻慺嵽1,屄悢,惗嶻慺嵽2,屄悢,惗嶻慺嵽3,屄悢,惗嶻慺嵽4,屄悢
儗僓乕僌儔僽,0,0,1,1,1,1,1,71,-1,0,0,0,1,嵦庢,1,婥傑偖傟,1,,,,,,,抔偐偄栄旂,2,,,,,,
僽儗僀僽僌儔僽,0,0,1,0,1,1,1,71,2,0,0,0,1,嵦庢,3,塣婥,2,懱椡,-2,忔傝,2,,,棾崪亂彫亃,1,,,,,,
僠僃乕儞僌儔僽,0,0,1,1,1,1,4,73,2,1,-2,1,0,懱椡,1,暊尭傝,2,,,,,,,揝峼愇,1,搖愇,2,,,,
僴儞僞乕傾乕儉,0,1,1,1,1,1,6,112,0,1,-3,0,0,挷崌惉岟棪,1,庪恖,3,撆,-1,,,,,戝抧偺寢徎,1,僕儍僊傿偺椮,2,僣僞偺梩,1,,
僴儞僞乕僈乕僪,0,2,1,1,1,1,3,72,1,2,-2,1,1,挷崌惉岟棪,1,庪恖,3,撆,-1,,,,,戝抧偺寢徎,1,僕儍僊傿偺椮,2,僣僞偺梩,1,,
儃乕儞傾乕儉,0,1,1,1,1,2,7,113,1,0,-1,-2,0,KO,3,揓,1,,,,,,,側偧偺崪,2,棾崪亂彫亃,2,儌儞僗僞乕偺懱塼,2,,
儃乕儞僈乕僪,0,2,1,1,1,2,4,73,2,1,0,-1,1,KO,3,揓,1,,,,,,,側偧偺崪,2,棾崪亂彫亃,2,儌儞僗僞乕偺懱塼,2,,
傾儘僀傾乕儉,0,1,1,1,1,1,8,114,-1,1,-2,-1,0,杊屼,2,嵦庢,-1,晽埑,1,,,,,儅僇儔僀僩峼愇,2,戝抧偺寢徎,2,揝峼愇,4,,
傾儘僀僈乕僪,0,2,1,1,1,1,4,73,0,2,-1,0,1,嵦庢,-1,嶶抏嫮壔,1,嶶抏捛壛,2,,,,,儅僇儔僀僩峼愇,2,戝抧偺寢徎,2,揝峼愇,4,,
僋儞僠儏僂傾乕儉,0,1,2,1,1,2,12,116,2,2,2,2,2,杊屼,6,棆懴惈,-2,,,,,,,弬拵偺峛妅,5,偲偑偭偨夊,3,揝峼愇,2,偺傝偙偹僶僢僞,1
僋儞僠儏僂僈乕僪,0,2,2,1,1,2,6,73,3,3,3,3,3,杊屼,6,棆懴惈,-2,,,,,,,弬拵偺峛妅,5,偲偑偭偨夊,3,揝峼愇,2,偺傝偙偹僶僢僞,1
僽僫僴僌儘乕僽,0,1,2,0,1,2,10,116,-4,-1,2,-1,2,峌寕,-2,摿庩峌寕,2,擺搧,3,杻醿,1,,,旘峛拵偺塇,3,旘峛拵偺峛妅,2,峛拵偺暊戃,2,岝宄,2
僽僫僴僇僼僗,0,2,2,0,1,2,5,73,-3,0,3,0,3,峌寕,-2,摿庩峌寕,2,擺搧,3,杻醿,1,,,旘峛拵偺塇,3,旘峛拵偺峛妅,2,峛拵偺暊戃,2,岝宄,2
儕僲僾儘傾乕儉,0,1,2,1,1,3,8,114,1,-1,-1,-1,1,朇弍,2,KO,3,婥愨,-2,懴揇懴愥,1,,,憪怘棾偺峛妅,2,棾崪亂拞亃,4,揝峼愇,2,,
儕僲僾儘僈乕僪,0,2,2,1,1,3,4,73,2,0,0,0,2,朇弍,2,KO,2,婥愨,-2,懴揇懴愥,1,,,憪怘棾偺峛妅,2,棾崪亂拞亃,4,揝峼愇,2,,
僈僽儔僗乕僣僌儔僽,0,1,2,2,3,99,15,117,1,-2,2,1,-3,懏惈夝曻,2,懏惈懴惈,-1,撆,1,,,,,幦柾條偺旂,5,壩棾偺梼枌,2,僉儔價乕僩儖,1,宄偺僐僀儞,1
僈僽儔僗乕僣僴儞僪,0,2,2,2,3,99,8,74,2,-1,3,2,-2,懏惈夝曻,2,懏惈懴惈,-1,撆,1,,,,,幦柾條偺旂,5,壩棾偺梼枌,2,僉儔價乕僩儖,1,宄偺僐僀儞,1
僕儍僊傿傾乕儉,0,1,2,1,1,2,10,116,-2,0,0,0,1,尋偓巘,4,岠壥帩懕,-2,婥愨,1,,,,,嬬棾偺捾,2,嬬棾偺旂,3,僕儍僊傿偺椮,2,戝抧偺寢徎,2
僕儍僊傿僈乕僪,0,2,2,1,1,2,5,73,-1,1,1,1,2,憰揢懍搙,4,岠壥帩懕,-2,婥愨,1,,,,,嬬棾偺捾,2,嬬棾偺旂,3,僕儍僊傿偺椮,2,戝抧偺寢徎,2
僎僱億僗傾乕儉,0,1,2,1,2,3,12,116,1,1,-2,-3,2,摿庩峌寕,3,夞暅懍搙,-2,杻醿,1,,,,,僪僗僎僱億僗偺旂,2,僎僱億僗偺椮,3,揝峼愇,2,僎僱億僗偺杻醿夊,5
僎僱億僗僈乕僪,0,2,2,1,2,3,6,73,2,2,-1,-2,3,摿庩峌寕,3,夞暅懍搙,-2,杻醿,1,,,,,僪僗僎僱億僗偺旂,2,僎僱億僗偺椮,3,揝峼愇,2,僎僱億僗偺杻醿夊,5
僀乕僆僗傾乕儉,0,1,2,1,3,5,15,117,0,-3,-3,2,2,摿庩峌寕,3,撆,1,婥愨,-2,,,,,僪僗僀乕僆僗偺旂,1,僀乕僆僗偺撆夊,5,僀乕僆僗偺椮,2,揝峼愇,2
僀乕僆僗僈乕僪,0,2,2,1,3,5,8,74,1,-2,-2,3,3,摿庩峌寕,3,撆,1,婥愨,-2,,,,,僪僗僀乕僆僗偺旂,1,僀乕僆僗偺撆夊,5,僀乕僆僗偺椮,2,揝峼愇,2
僂儖僋傾乕儉,0,1,2,1,2,4,15,117,-2,2,-1,2,2,夞旔嫍棧,2,懴弸,-1,懴姦,3,,,,,敀揺廱偺昘捾,2,敀揺廱偺栄,2,敀揺廱偺暊峛,1,擏岤側旂,4
僂儖僋僈乕僪,0,2,2,1,2,4,8,74,-1,3,0,3,3,夞旔嫍棧,2,懴弸,-1,懴姦,3,,,,,敀揺廱偺昘捾,2,敀揺廱偺栄,2,敀揺廱偺暊峛,1,擏岤側旂,4
働僠儍傾乕儉,0,1,2,1,1,3,14,116,-3,2,-2,0,2,塣婥,-2,悈懏惈峌寕,3,婥傑偖傟,1,,,,,婏墡屜偺栄,3,婏墡屜偺挿崪,2,棾崪亂彫亃,2,僣僞偺梩,3
働僠儍僈乕僪,0,2,2,1,1,3,7,74,-2,3,-1,1,3,塣婥,-2,悈懏惈峌寕,3,婥傑偖傟,1,,,,,婏墡屜偺栄,3,婏墡屜偺挿崪,2,棾崪亂彫亃,2,僣僞偺梩,3
僐儞僈傾乕儉,0,1,2,1,2,4,14,116,-3,1,1,-1,2,嵶嬠妛,2,怘偄偟傫朧,1,暊尭傝,-2,,,,,搷栄廱偺栄,2,偲偑偭偨捾,3,廱崪,4,僉儔價乕僩儖,1
僐儞僈僈乕僪,0,2,2,1,2,4,7,74,-2,2,2,0,3,嵶嬠妛,2,怘偄偟傫朧,1,暊尭傝,-2,,,,,搷栄廱偺栄,2,偲偑偭偨捾,3,廱崪,4,僉儔價乕僩儖,1
僎儕儑僗傾乕儉,0,1,2,2,1,3,14,116,-4,1,2,-2,0,僗僞儈僫,3,暊尭傝,-2,撆,2,,,,,僑儉幙偺旂,3,戝抧偺寢徎,2,儅僇儔僀僩峼愇,2,,
僎儕儑僗僈乕僪,0,2,2,2,1,3,7,74,-3,2,3,-1,1,僗僞儈僫,3,暊尭傝,-2,撆,2,,,,,僑儉幙偺旂,3,戝抧偺寢徎,2,儅僇儔僀僩峼愇,2,,
僇僽儔傾乕儉,0,1,2,1,1,3,16,118,2,-3,-2,0,1,杊屼,2,嵦庢,-1,懱椡,1,尋偓巘,2,,,婼奮偺捾,1,婼奮偺峛妅,2,婼奮偺椮,2,僇儚僘偺桘,2
僇僽儔僈乕僪,0,2,2,1,1,3,8,74,3,-2,-1,1,2,憰揢懍搙,2,杊屼,2,嵦庢,-1,懱椡,1,,,婼奮偺捾,1,婼奮偺峛妅,2,婼奮偺椮,2,僇儚僘偺桘,2
僗僉儏儔傾乕儉,0,1,2,0,2,4,19,121,-2,2,-2,1,2,娤嶡娽,1,暊尭傝,-2,崅懍愝抲,4,悋柊,3,,,塭抴鍋偺捾,2,塭抴鍋偺峛妅,2,儌儞僗僞乕偺懱塼,2,弬拵偺峛妅,2
僗僉儏儔僈乕僪,0,2,2,0,2,4,9,75,-1,3,-1,2,3,娤嶡娽,1,暊尭傝,-2,崅懍愝抲,4,悋柊,3,,,塭抴鍋偺捾,2,塭抴鍋偺峛妅,2,儌儞僗僞乕偺懱塼,2,弬拵偺峛妅,2
僓儃傾傾乕儉,0,1,2,1,2,4,20,122,-2,2,-3,2,0,昘懏惈峌寕,3,擏怘,1,暊尭傝,-2,,,,,壔偗嶭偺僸儗,1,壔偗嶭偺椮,2,壔偗嶭偺旂,3,昘寢戃,3
僓儃傾僈乕僪,0,2,2,1,2,4,10,76,-1,3,-2,3,1,昘懏惈峌寕,3,擏怘,1,暊尭傝,-2,,,,,壔偗嶭偺僸儗,1,壔偗嶭偺椮,2,壔偗嶭偺旂,3,昘寢戃,3
僈儔儔傾乕儉,0,1,2,0,2,4,20,122,1,-2,0,-4,1,曔妉,3,挳妎曐岇,2,婥傑偖傟,-2,杻醿,3,,,峣幹棾偺夊,3,峣幹棾偺崪悜,1,峣幹棾偺柭峛,2,悅旂棾偺旂,3
僈儔儔僈乕僪,0,2,2,0,2,4,10,76,2,-1,1,-3,2,曔妉,3,挳妎曐岇,2,婥傑偖傟,-2,杻醿,3,,,峣幹棾偺夊,3,峣幹棾偺崪悜,1,峣幹棾偺柭峛,2,悅旂棾偺旂,3
僼儖僼儖傾乕儉,0,1,2,1,2,4,19,121,-4,1,1,2,1,棆懏惈峌寕,3,夞暅検,2,,,,,,,傾儖價僲偺拞棊偪,1,僽儓僽儓偟偨旂,2,揝峼愇,6,棆岝拵,1
僼儖僼儖僈乕僪,0,2,2,1,2,4,10,76,-3,2,2,3,2,棆懏惈峌寕,3,夞暅検,2,,,,,,,傾儖價僲偺拞棊偪,1,僽儓僽儓偟偨旂,2,揝峼愇,6,棆岝拵,1
儗僀傾傾乕儉,0,1,2,1,2,4,19,121,2,0,-2,0,-3,懱椡,1,壩懏惈峌寕,3,夞暅懍搙,-2,,,,,壩棾偺梼捾,2,帗壩棾偺峛妅,2,帗壩棾偺灆,1,戝抧偺寢徎,5
儗僀傾僈乕僪,0,2,2,1,2,4,10,76,3,1,-1,1,-2,懱椡,1,壩懏惈峌寕,3,夞暅懍搙,-2,,,,,壩棾偺梼捾,2,帗壩棾偺峛妅,2,帗壩棾偺灆,1,戝抧偺寢徎,5
儔儞億僗傾乕儉,0,1,2,0,1,2,13,117,0,0,0,-4,2,峌寕,4,愮棦娽,2,杻醿,-2,婥愨,1,,,僪僗儔儞億僗偺捾,2,僪僗儔儞億僗偺旂,3,儔儞億僗偺椮,2,戝抧偺寢徎,3
儔儞億僗僈乕僪,0,2,2,0,1,2,7,74,1,1,1,-3,3,峌寕,4,愮棦娽,2,杻醿,-2,婥愨,1,,,僪僗儔儞億僗偺捾,2,僪僗儔儞億僗偺旂,3,儔儞億僗偺椮,2,戝抧偺寢徎,3
僋僢僋傾乕儉,0,1,2,0,1,2,16,118,2,-1,-2,-3,2,峌寕,3,壩懏惈峌寕,3,悈懴惈,-1,,,,,夦捁偺椮,3,夦捁偺峛妅,2,夦捁偺梼枌,2,,
僋僢僋僈乕僪,0,2,2,0,1,2,8,74,3,0,-1,-2,3,峌寕,3,壩懏惈峌寕,3,悈懴惈,-1,,,,,夦捁偺椮,3,夦捁偺峛妅,2,夦捁偺梼枌,2,,
僶僒儖傾乕儉,0,1,2,1,2,3,18,120,0,-2,1,1,-3,懴弸,2,撆,2,杻醿,-2,悋柊,1,,,娾棾偺峛妅,3,儅僇儔僀僩峼愇,5,撆戃,3,戝抧偺寢徎,10
僶僒儖僈乕僪,0,2,2,1,2,3,9,75,1,-1,2,2,-2,懴弸,2,撆,2,杻醿,-2,悋柊,1,,,娾棾偺峛妅,3,儅僇儔僀僩峼愇,5,撆戃,3,戝抧偺寢徎,10
傾僔儔傾乕儉,0,1,2,1,99,3,13,117,-2,1,0,-1,1,崅懍廂廤,3,怘偄偟傫朧,1,暊尭傝,-2,僴僠儈僣,2,,,惵孎廱偺峛妅,2,惵孎廱偺栄,2,峛拵偺暊戃,1,,
傾僔儔僈乕僪,0,2,2,1,99,3,7,74,-1,2,1,0,2,崅懍廂廤,3,怘偄偟傫朧,1,暊尭傝,-2,僴僠儈僣,2,,,惵孎廱偺峛妅,2,惵孎廱偺栄,2,峛拵偺暊戃,1,,
儖僪儘僗傾乕儉,0,1,2,1,99,3,15,117,-3,2,-1,-1,1,僗僞儈僫,1,悈懏惈峌寕,3,棆懴惈,-2,懴弸,2,,,悈廱偺捾,1,儔儞億僗偺椮,2,奀柸幙偺旂,2,悈戃,2
儖僪儘僗僈乕僪,0,2,2,1,99,3,7,74,-2,3,0,0,2,僗僞儈僫,1,悈懏惈峌寕,3,棆懴惈,-1,懴弸,2,,,悈廱偺捾,1,儔儞億僗偺椮,2,奀柸幙偺旂,2,悈戃,2
儃儘僗傾乕儉,0,1,2,1,99,4,18,120,-4,4,1,-2,0,峌寕,3,杊屼,2,僈乕僪惈擻,1,暊尭傝,-2,,,搚嵒棾偺峛妅,2,憪怘棾偺峛妅,3,棾崪亂彫亃,4,,
儃儘僗僈乕僪,0,2,2,0,99,4,8,74,-3,5,2,-1,1,峌寕,3,杊屼,1,惛枾幩寕,4,暊尭傝,-2,,,搚嵒棾偺峛妅,2,憪怘棾偺峛妅,3,棾崪亂彫亃,4,,
僴僾儖傾乕儉,0,1,2,1,99,5,21,123,2,0,-2,-4,1,擺搧,3,怘帠,2,,,,,,,慛傗偐側懱塼,1,戝偒側崪,2,峛拵偺戝妠,2,,
僴僾儖僈乕僪,0,2,2,1,99,5,10,76,3,1,-1,-3,2,擺搧,3,怘帠,2,,,,,,,慛傗偐側懱塼,1,戝偒側崪,2,峛拵偺戝妠,2,,
僊僓儈傾乕儉,0,1,2,1,99,5,21,123,1,2,-1,-1,0,彔,2,払恖,-2,巃傟枴,1,尋偓巘,3,,,姍奍偺珲,1,姍奍偺峛妅,2,偲偑偭偨捾,2,,
僊僓儈僈乕僪,0,2,2,1,99,5,10,76,2,3,0,0,1,杊屼,-1,娧捠抏嫮壔,2,娧捠抏捛壛,1,惛枾幩寕,2,,,姍奍偺珲,1,姍奍偺峛妅,2,偲偑偭偨捾,2,,
僴僀儊僞傾乕儉,0,1,2,1,2,4,14,116,-2,-2,3,-1,0,朇弍,2,懱椡,1,僗僞儈僫,-1,,,,,僪儔僌儔僀僩峼愇,3,儅僇儔僀僩峼愇,2,揝峼愇,4,偲偑偭偨捾,2
僴僀儊僞僈乕僪,0,2,2,1,2,4,7,74,-1,-1,4,0,1,朇弍,2,懱椡,1,僗僞儈僫,-1,,,,,僪儔僌儔僀僩峼愇,3,儅僇儔僀僩峼愇,2,揝峼愇,4,偲偑偭偨捾,2
僶僩儖傾乕儉,0,1,2,1,3,5,14,116,2,-2,-2,-1,0,峌寕,2,挳妎曐岇,-2,僈乕僪惈擻,3,,,,,梼幹棾偺旂,1,抔偐偄栄旂,1,僐儞僈偺栄,5,戝抧偺寢徎,2
僶僩儖僈乕僪,0,2,2,1,3,5,7,74,3,-1,-1,0,1,峌寕,2,挳妎曐岇,-2,僈乕僪嫮壔,3,,,,,梼幹棾偺旂,1,抔偐偄栄旂,1,僐儞僈偺栄,5,戝抧偺寢徎,2
僑傾傾乕儉,0,1,3,2,3,5,21,123,-4,2,-3,1,-2,嵶嬠妛,3,摤嵃,1,壩懴惈,-3,,,,,崟怚棾偺嶴捾,2,崟怚棾偺椮,2,崟怚棾偺峛妅,4,僪儔僌儔僀僩峼愇,5
僑傾僈乕僪,0,2,3,2,3,5,11,77,-3,3,-2,2,-1,嵶嬠妛,3,摤嵃,1,壩懴惈,-3,,,,,崟怚棾偺嶴捾,2,崟怚棾偺椮,2,崟怚棾偺峛妅,4,僪儔僌儔僀僩峼愇,5
儗僂僗傾乕儉,0,1,3,1,3,5,23,125,2,0,-2,0,-3,峌寕,5,壩懏惈峌寕,2,夞暅検,-2,,,,,壩棾偺怟旜,1,壩棾偺梼捾,1,壩棾偺崪悜,2,僪儔僌儔僀僩峼愇,3
儗僂僗僈乕僪,0,2,3,1,3,5,12,78,3,1,-1,1,-2,峌寕,4,壩懏惈峌寕,2,夞暅検,-2,,,,,壩棾偺怟旜,1,壩棾偺梼捾,1,壩棾偺崪悜,2,僪儔僌儔僀僩峼愇,3
儗僢僋僗傾乕儉,0,1,3,1,3,5,22,124,2,-1,-4,0,-2,峌寕,2,尋偓巘,-2,怘偄偟傫朧,2,,,,,崒棾偺夊,4,崒棾偺椮,3,崒棾偺捾,4,嬬棾偺旂,2
儗僢僋僗僈乕僪,0,2,3,1,3,5,11,77,3,0,-3,1,-1,斀摦,-2,峌寕,2,怘偄偟傫朧,2,,,,,崒棾偺夊,4,崒棾偺椮,3,崒棾偺捾,4,嬬棾偺旂,2
僕儞僆僂傾乕儉,0,1,3,1,3,5,21,123,0,-2,2,-4,1,杮婥,1,棆懏惈峌寕,3,婥攝,-2,,,,,棆楾棾偺捾,3,棆楾棾偺媡椮,1,棆楾棾偺懷揹栄,2,挻揹棆岝拵,2
僕儞僆僂僈乕僪,0,2,3,1,3,5,10,76,1,-1,3,-3,2,杮婥,1,棆懏惈峌寕,3,婥攝,-2,,,,,棆楾棾偺捾,3,棆楾棾偺媡椮,1,棆楾棾偺懷揹栄,2,挻揹棆岝拵,2
僙儖僞僗傾乕儉,0,1,3,2,3,5,21,123,-3,3,-1,-2,2,朇弍,2,巃傟枴,1,婥椡夞暅,-2,,,,,廳峛拵偺嫻妅,3,廳峛拵偺峛妅,5,廳峛拵偺戝妠,2,儌儞僗僞乕偺懱塼,3
僙儖僞僗僈乕僪,0,2,3,2,3,5,10,76,-2,3,0,-1,3,朇弍,2,炛抏捛壛,2,婥椡夞暅,-2,,,,,廳峛拵偺嫻妅,3,廳峛拵偺峛妅,5,廳峛拵偺戝妠,2,儌儞僗僞乕偺懱塼,3
僌儔價僪傾乕儉,0,1,3,2,3,5,23,125,2,-3,0,1,-2,杊屼,1,僈乕僪惈擻,2,僗僞儈僫,-2,,,,,奪棾偺峛妅,6,悋柊戃,4,棾崪亂戝亃,5,僪儔僌儔僀僩峼愇,3
僌儔價僪僈乕僪,0,2,3,2,3,5,12,78,3,-2,1,2,-1,斀摦,2,杊屼,1,僗僞儈僫,-2,,,,,奪棾偺峛妅,6,悋柊戃,4,棾崪亂戝亃,5,僪儔僌儔僀僩峼愇,3
僽儔僉傾乕儉,0,1,3,2,3,6,22,124,2,-4,0,-2,0,摤嵃,1,夞旔惈擻,-2,敋抏嫮壔,2,,,,,嵱棾偺崟梛峛,3,嵱棾偺対,2,側偧偺擲嬠,3,峠楡愇,5
僽儔僉僈乕僪,0,2,3,2,3,6,11,77,3,-3,1,-1,1,摤嵃,1,夞旔惈擻,-2,敋抏嫮壔,3,,,,,嵱棾偺崟梛峛,3,嵱棾偺対,2,側偧偺擲嬠,3,峠楡愇,5
巆梲亂楿庤亃,1,1,3,0,4,6,26,126,2,1,-3,2,-3,敳搧尭婥,2,払恖,3,掙椡,-3,僗僞儈僫,2,,,崑嶳棿偺峠椮,6,崑嶳棿偺榬峛,1,戝抧偺棿嬍,1,儅僇儔僀僩峼愇,3
搶塤亂楿庤亃,1,2,3,2,4,6,13,78,3,2,-2,3,-2,憰揢懍搙,-3,僗僞儈僫,2,柍彎,3,娧捠抏嫮壔,2,,,崑嶳棿偺峠椮,6,崑嶳棿偺榬峛,1,戝抧偺棿嬍,1,儅僇儔僀僩峼愇,3
忢斨亂楿庤亃,2,1,3,0,4,6,26,126,2,1,-3,2,-3,敳搧尭婥,2,払恖,3,掙椡,-3,僗僞儈僫,2,,,崑嶳棿偺峠椮,6,崑嶳棿偺榬峛,1,戝抧偺棿嬍,1,儅僇儔僀僩峼愇,3
敧愮戙亂楿庤亃,2,2,3,2,4,6,13,78,3,2,-2,3,-2,憰揢懍搙,-3,僗僞儈僫,2,柍彎,3,娧捠抏嫮壔,2,,,崑嶳棿偺峠椮,6,崑嶳棿偺榬峛,1,戝抧偺棿嬍,1,儅僇儔僀僩峼愇,3
傾乕僋傾乕儉,1,1,3,1,7,6,24,126,-3,3,0,1,-5,彔,2,杮婥,1,壩懴惈,-3,嫸寕懴惈,3,,,揤夢棿偺忩捾,2,揤夢棿偺椮,2,揤夢棿偺峛妅,4,儗價僥儔僀僩峼愇,3
傾乕僋僈乕僪,1,2,3,1,7,6,12,78,-2,4,1,2,-4,杮婥,1,憰揢悢,2,壩懴惈,-3,嫸寕懴惈,3,,,揤夢棿偺忩捾,2,揤夢棿偺椮,2,揤夢棿偺峛妅,4,儗價僥儔僀僩峼愇,3
僼傿儕傾傾乕儉,2,1,3,1,7,6,24,126,-3,3,0,1,-5,彔,2,杮婥,1,壩懴惈,-3,嫸寕懴惈,3,,,揤夢棿偺忩捾,2,揤夢棿偺椮,2,揤夢棿偺峛妅,4,儗價僥儔僀僩峼愇,3
僼傿儕傾僈乕僪,2,2,3,1,7,6,12,78,-2,4,1,2,-4,杮婥,1,憰揢悢,2,壩懴惈,-3,嫸寕懴惈,3,,,揤夢棿偺忩捾,2,揤夢棿偺椮,2,揤夢棿偺峛妅,4,儗價僥儔僀僩峼愇,3
僈儖儖僈傾乕儉,0,1,3,3,3,5,24,126,1,-3,1,-2,0,寱弍,-1,払恖,2,挳妎曐岇,2,,,,,崟楾捁偺椮,5,崟楾捁偺峛妅,4,崟楾捁偺梼,2,忋棾崪,1
僈儖儖僈僈乕僪,0,2,3,3,3,5,12,78,2,-2,2,-1,1,払恖,2,挳妎曐岇,2,僗僞儈僫,-1,,,,,崟楾捁偺椮,5,崟楾捁偺峛妅,4,崟楾捁偺梼,2,忋棾崪,1
僉儕儞傾乕儉儘儞僌,0,1,3,1,3,6,26,126,-2,-2,4,0,2,懏惈懴惈,3,塣婥,-2,懏惈峌寕,2,,,,,僉儕儞偺旂,5,僉儕儞偺偨偰偑傒,2,夦捁偺峛妅,3,棆岝拵,5
僉儕儞僌儘乕僽,0,2,3,1,3,6,13,78,-1,-1,5,1,3,懏惈懴惈,3,塣婥,-2,懏惈峌寕,2,,,,,僉儕儞偺旂,5,僉儕儞偺偨偰偑傒,2,夦捁偺峛妅,3,棆岝拵,5
僫儖僈傾乕儉,0,1,3,2,99,5,22,124,-2,1,-4,1,1,捝寕,1,夞旔惈擻,2,僗僞儈僫,-2,夞旔嫍棧,1,,,恦棾偺恘梼,3,忋棾崪,5,悅旂棾偺旂,5,,
僫儖僈僈乕僪,0,2,3,2,99,5,11,77,-1,2,-3,2,2,捝寕,1,夞旔惈擻,2,僗僞儈僫,-2,夞旔嫍棧,1,,,恦棾偺恘梼,3,忋棾崪,5,悅旂棾偺旂,5,,
僈儞僉儞傾乕儉,0,1,3,1,99,5,24,126,2,-4,1,-1,-2,杊屼,4,僗僞儈僫,-1,尭婥峌寕,3,,,,,敋捜棾偺崪悜,1,敋捜棾偺懴擬妅,1,峠楡愇,1,,
僈儞僉儞僈乕僪,0,2,3,1,99,5,12,78,3,-3,2,0,-1,杊屼,3,僗僞儈僫,-1,捠忢抏嫮壔,3,,,,,敋捜棾偺崪悜,1,敋捜棾偺懴擬妅,1,峠楡愇,1,,
僪儃儖傾乕儉,0,1,3,1,99,6,24,126,-4,2,1,-2,1,峌寕,3,払恖,-1,夞暅懍搙,2,,,,,旜捚棾偺戂峛,4,棾崪亂戝亃,3,憪怘棾偺峛妅,3,,
僪儃儖僈乕僪,0,2,3,1,99,6,12,78,-3,3,2,-1,2,峌寕,3,払恖,-1,夞暅懍搙,2,,,,,旜捚棾偺戂峛,4,棾崪亂戝亃,3,憪怘棾偺峛妅,3,,
儔償傽傾乕儉,0,1,3,0,99,6,23,125,2,-3,0,0,1,僈乕僪惈擻,2,愮棦娽,2,夞暅懍搙,3,婥攝,-2,,,梟娾棾偺椮,3,忋棾崪,3,儗價僥儔僀僩峼愇,2,,
儔償傽僈乕僪,0,2,3,0,99,6,12,78,3,-2,1,1,2,斀摦,2,愮棦娽,2,夞暅懍搙,3,婥攝,-2,,,梟娾棾偺椮,3,忋棾崪,3,儗價僥儔僀僩峼愇,2,,
僨傿傾僽儘傾乕儉,0,1,3,0,99,6,23,125,2,0,0,-4,0,敳搧夛怱,3,尋偓巘,-2,擺搧,3,怘帠,3,懴恔,3,忋幙側偹偠傟偨妏,1,忋棾崪,1,憪怘棾偺峛妅,3,,
僨傿傾僽儘僈乕僪,0,2,3,0,99,6,12,78,3,1,1,-3,1,斀摦,3,擺搧,5,娧捠抏嫮壔,4,惛枾幩寕,-2,,,忋幙側偹偠傟偨妏,1,忋棾崪,1,憪怘棾偺峛妅,3,,
嬇娵亂楿庤亃,1,1,3,1,99,6,26,126,-2,2,0,2,-4,寱弍,3,僗僞儈僫,-2,廳寕,4,壛岇,1,,,榁嶳棿偺峛妅,3,榁嶳棿偺戝捾,1,壩棾偺梼枌,2,,
弻娵亂楿庤亃,1,2,3,1,99,6,13,78,-1,3,1,3,-3,僗僞儈僫,-2,廳寕,4,憰揢悢,3,壛岇,1,,,榁嶳棿偺峛妅,3,榁嶳棿偺戝捾,1,壩棾偺梼枌,2,,
檢亂楿庤亃,2,1,3,1,99,6,26,126,-2,2,0,2,-4,寱弍,3,僗僞儈僫,-2,廳寕,4,壛岇,1,,,榁嶳棿偺峛妅,3,榁嶳棿偺戝捾,1,壩棾偺梼枌,2,,
墣亂楿庤亃,2,2,3,1,99,6,13,78,-1,3,1,3,-3,僗僞儈僫,-2,廳寕,4,憰揢悢,3,壛岇,1,,,榁嶳棿偺峛妅,3,榁嶳棿偺戝捾,1,壩棾偺梼枌,2,,
傾乕僥傿傾傾乕儉,0,1,3,1,3,5,20,122,0,-3,-3,1,2,僈乕僪嫮壔,1,尋偓巘,-5,婥椡夞暅,5,,,,,偝傃偨攋曅,4,儗價僥儔僀僩峼愇,3,戝抧偺寢徎,10,,
傾乕僥傿傾僈乕僪,0,2,3,1,3,5,10,76,1,-2,-2,2,3,憰揢懍搙,-5,斀摦,5,惛枾幩寕,1,,,,,偝傃偨攋曅,4,儗價僥儔僀僩峼愇,3,戝抧偺寢徎,10,,
僀儞僑僢僩傾乕儉,0,1,3,1,3,5,18,120,-2,-2,2,0,0,僈乕僪嫮壔,1,擺搧,3,棆懏惈峌寕,2,婥傑偖傟,-2,,,峠楡愇,1,僪儔僌儔僀僩峼愇,4,揝峼愇,8,儅僇儔僀僩峼愇,5
僀儞僑僢僩僈乕僪,0,2,3,1,3,5,8,74,-1,-1,3,1,1,斀摦,2,嶶抏嫮壔,2,棆懏惈峌寕,2,婥傑偖傟,-2,,,峠楡愇,1,僪儔僌儔僀僩峼愇,4,揝峼愇,8,儅僇儔僀僩峼愇,5
僋儞僠儏僂俽傾乕儉,0,1,4,2,4,7,31,117,3,3,3,3,3,杊屼,6,棆懴惈,-2,,,,,,,弬拵偺寴妅,5,弬拵偺峛妅,4,儌儞僗僞乕偺擹廯,2,僪僗僿儔僋儗僗,1
僋儞僠儏僂俽僈乕僪,0,2,4,2,4,7,15,76,4,4,4,4,4,杊屼,6,棆懴惈,-2,,,,,,,弬拵偺寴妅,5,弬拵偺峛妅,4,儌儞僗僞乕偺擹廯,2,僪僗僿儔僋儗僗,1
僽僫僴俽僌儘乕僽,0,1,4,0,4,7,33,116,-5,-1,2,-1,3,峌寕,-2,摿庩峌寕,2,擺搧,3,杻醿,1,,,旘峛拵偺寴妅,2,旘峛拵偺塇,4,忋幙側暊戃,2,儌儞僗僞乕偺懱塼,3
僽僫僴俽僇僼僗,0,2,4,0,4,7,16,76,-4,0,3,0,4,峌寕,-2,摿庩峌寕,2,擺搧,3,杻醿,1,,,旘峛拵偺寴妅,2,旘峛拵偺塇,4,忋幙側暊戃,2,儌儞僗僞乕偺懱塼,3
儕僲僾儘俽傾乕儉,0,1,4,1,4,7,31,117,2,-1,-1,-1,1,朇弍,3,KO,2,婥愨,-1,懴揇懴愥,3,,,憪怘棾偺寴妅,3,棾崪亂拞亃,4,昘寢徎,3,,
儕僲僾儘俽僈乕僪,0,2,4,2,4,7,15,76,3,0,0,0,2,朇弍,2,KO,2,婥愨,-1,懴揇懴愥,1,,,憪怘棾偺寴妅,3,棾崪亂拞亃,4,昘寢徎,3,,
僈僽儔僗乕僣俽僌儔僽,0,1,4,2,5,99,40,117,2,-3,3,2,-4,懏惈夝曻,2,懏惈懴惈,-1,尭婥峌寕,1,,,,,梼幹棾偺忋旂,1,幦柾條偺旂,4,壩棾偺梼捾,5,僈儅偺僐僀儞,1
僈僽儔僗乕僣俽僴儞僪,0,2,4,2,5,99,20,77,3,-2,4,3,-3,懏惈夝曻,2,懏惈懴惈,-1,尭婥峌寕,1,,,,,梼幹棾偺忋旂,1,幦柾條偺旂,4,壩棾偺梼捾,5,僈儅偺僐僀儞,1
僕儍僊傿俽傾乕儉,0,1,4,1,4,7,36,117,-4,0,0,0,2,峌寕,2,尋偓巘,3,岠壥帩懕,-2,婥愨,1,,,嬬棾偺愲捾,4,墹幰偺僄儕儅僉,1,捁棾嬍,1,僪儔僌儔僀僩峼愇,2
僕儍僊傿俽僈乕僪,0,2,4,1,4,7,18,77,-3,1,1,1,3,憰揢懍搙,2,峌寕,2,岠壥帩懕,-2,婥愨,1,,,嬬棾偺愲捾,4,墹幰偺僄儕儅僉,1,捁棾嬍,1,僪儔僌儔僀僩峼愇,2
僎僱億僗俽傾乕儉,0,1,4,1,4,7,36,117,1,1,-3,-5,3,摿庩峌寕,4,夞暅懍搙,-2,杻醿,1,,,,,僎僱億僗偺忋椮,3,僎僱億僗偺忋旂,4,捁棾嬍,1,僇僽儗儔僀僩峼愇,2
僎僱億僗俽僈乕僪,0,2,4,1,4,7,18,77,2,2,-2,-4,4,摿庩峌寕,4,夞暅懍搙,-2,杻醿,1,,,,,僎僱億僗偺忋椮,3,僎僱億僗偺忋旂,4,捁棾嬍,1,僇僽儗儔僀僩峼愇,2
僀乕僆僗俽傾乕儉,0,1,4,1,5,8,44,119,0,-4,-4,3,3,懏惈夝曻,1,摿庩峌寕,4,撆,1,婥愨,-2,,,僀乕僆僗偺忋椮,3,僀乕僆僗偺忋旂,2,峠楡愇,1,僪僗僀乕僆僗偺旂,3
僀乕僆僗俽僈乕僪,0,2,4,1,5,8,22,78,1,-3,-3,4,4,懏惈夝曻,1,摿庩峌寕,4,撆,1,婥愨,-2,,,僀乕僆僗偺忋椮,3,僀乕僆僗偺忋旂,2,峠楡愇,1,僪僗僀乕僆僗偺旂,3
僂儖僋俽傾乕儉,0,1,4,1,5,8,45,120,-3,2,-1,2,2,夞旔嫍棧,2,岠壥帩懕,4,懴弸,-2,懴姦,3,,,敀揺廱偺搥捾,2,敀揺廱偺栄,3,敀揺廱偺寴暊峛,3,儅儗僐僈僱,2
僂儖僋俽僈乕僪,0,2,4,1,5,8,22,78,-2,3,0,3,3,夞旔嫍棧,2,岠壥帩懕,3,懴弸,-2,懴姦,3,,,敀揺廱偺搥捾,2,敀揺廱偺栄,3,敀揺廱偺寴暊峛,3,儅儗僐僈僱,2
働僠儍俽傾乕儉,0,1,4,1,4,7,43,118,-5,3,-3,0,3,塣婥,-3,悈懏惈峌寕,3,懱弍,3,婥傑偖傟,1,,,婏墡屜偺崉栄,3,婏墡屜偺珀捾,1,婏墡屜偺挿崪,3,弬拵偺寴妅,2
働僠儍俽僈乕僪,0,2,4,1,4,7,21,78,-4,4,-2,1,4,塣婥,-3,悈懏惈峌寕,3,懱弍,3,婥傑偖傟,1,,,婏墡屜偺崉栄,3,婏墡屜偺珀捾,1,婏墡屜偺挿崪,3,弬拵偺寴妅,2
僐儞僈俽傾乕儉,0,1,4,1,4,7,38,117,-4,1,1,-1,3,嵶嬠妛,2,摿庩峌寕,3,怘偄偟傫朧,1,暊尭傝,-2,,,搷栄廱偺崉栄,2,偲偑偭偨捾,4,僐儞僈偺崉栄,4,僪僗僿儔僋儗僗,2
僐儞僈俽僈乕僪,0,2,4,1,4,7,19,77,-3,2,2,0,4,嵶嬠妛,2,摿庩峌寕,3,怘偄偟傫朧,1,暊尭傝,-2,,,搷栄廱偺崉栄,2,偲偑偭偨捾,4,僐儞僈偺崉栄,4,僪僗僿儔僋儗僗,2
儔儞億僗俽傾乕儉,0,1,4,2,4,7,38,117,0,0,0,-5,3,峌寕,4,愮棦娽,2,杻醿,-1,婥愨,1,,,儔儞億僗偺愲捾,4,柭偒戃,4,捁棾嬍,1,揤嬻偺寢徎,2
儔儞億僗俽僈乕僪,0,2,4,2,4,7,19,77,1,1,1,-4,4,峌寕,3,愮棦娽,2,杻醿,-1,婥愨,1,,,儔儞億僗偺愲捾,4,柭偒戃,4,捁棾嬍,1,揤嬻偺寢徎,2
僋僢僋俽傾乕儉,0,1,4,2,4,99,43,118,3,0,-2,-4,2,峌寕,3,壩懴惈,1,悈懴惈,-3,擏怘,2,,,夦捁偺忋椮,3,夦捁偺寴妅,2,夦捁偺梼枌,2,,
僋僢僋俽僈乕僪,0,2,4,2,4,99,21,78,4,1,-1,-3,3,峌寕,3,壩懴惈,1,悈懴惈,-3,擏怘,2,,,夦捁偺忋椮,3,夦捁偺寴妅,2,夦捁偺梼枌,2,,
儔儞僑傾乕儉,0,1,4,0,4,99,36,117,-5,-5,2,-4,2,摿庩峌寕,2,懳杊屼DOWN,2,撆,-2,杻醿,2,,,儔儞僑僗僞偺敄塇,1,偲偑偭偨捾,4,儌儞僗僞乕偺擹廯,2,,
儔儞僑僈乕僪,0,2,4,0,4,99,18,77,-4,-4,3,-3,3,摿庩峌寕,2,懳杊屼DOWN,2,撆,-2,杻醿,2,,,儔儞僑僗僞偺敄塇,1,偲偑偭偨捾,4,儌儞僗僞乕偺擹廯,2,,
僈儗僆僗傾乕儉,0,1,4,1,4,7,40,117,-3,2,-4,2,0,杊屼,3,懴弸,1,暊尭傝,3,婥愨,-1,,,嵒棾偺忋椮,3,嵒棾偺忋僸儗,1,儅僇儔僀僩峼愇,8,儗價僥儔僀僩峼愇,2
僈儗僆僗僈乕僪,0,2,4,1,4,7,20,77,-2,3,-3,3,1,杊屼,3,懴弸,1,暊尭傝,3,婥愨,-1,,,嵒棾偺忋椮,3,嵒棾偺忋僸儗,1,儅僇儔僀僩峼愇,8,儗價僥儔僀僩峼愇,2
儔儞僌儘傾乕儉,0,1,4,1,5,99,47,120,1,-3,0,-1,1,嵶嬠妛,1,夞旔惈擻,2,懴姦,-2,懴恔,2,,,愒峛廱偺寴妅,2,枺榝怓偺廮旂,4,僪儔僌儔僀僩峼愇,5,,
儔儞僌儘僈乕僪,0,2,4,2,5,99,24,79,2,-2,1,0,2,嵶嬠妛,1,夞旔惈擻,2,懴姦,-2,懴恔,1,,,愒峛廱偺寴妅,2,枺榝怓偺廮旂,4,僪儔僌儔僀僩峼愇,5,,
僓僓儈傾乕儉,0,1,4,2,4,7,40,117,-3,3,-4,0,1,杊屼,1,僈乕僪惈擻,1,棆懴惈,-2,,,,,弬奍偺寴妅,2,弬奍偺愲捾,2,僇僽儗儔僀僩峼愇,2,偲偑偭偨捾,4
僓僓儈僈乕僪,0,2,4,2,4,7,20,77,-2,4,-3,1,2,杊屼,1,僈乕僪惈擻,1,棆懴惈,-2,,,,,弬奍偺寴妅,2,弬奍偺愲捾,2,僇僽儗儔僀僩峼愇,2,偲偑偭偨捾,4
儁僢僐傾乕儉,0,1,4,1,4,7,36,117,2,-1,0,-3,0,峀堟,3,揓,1,,,,,,,揙峛拵偺敄塇,3,嬌嵤怓偺塇崻,1,忋幙側栄旂,1,,
儁僢僐僈乕僪,0,2,4,1,4,7,18,77,3,0,1,-2,1,峀堟,4,揓,1,,,,,,,揙峛拵偺敄塇,3,嬌嵤怓偺塇崻,1,忋幙側栄旂,1,,
僈僲僗傾乕儉,0,1,4,1,99,4,20,122,-4,3,-5,2,2,曔妉,3,僗僞儈僫,2,懴弸,2,崅懍愝抲,4,,,悈棾偺椮,3,擏岤側旂,2,僇儚僘偺桘,2,,
僈僲僗僈乕僪,0,2,4,1,99,4,10,76,-3,4,-4,3,3,曔妉,2,僗僞儈僫,1,懴弸,2,崅懍愝抲,4,,,悈棾偺椮,3,擏岤側旂,2,僇儚僘偺桘,2,,
儗僓乕俽傾乕儉,0,1,4,1,4,7,22,114,-2,0,0,0,2,嵦庢,3,塣婥,-1,崅懍廂廤,1,,,,,忋幙側栄旂,1,棾崪亂戝亃,3,弬拵偺寴妅,1,,
儗僓乕俽僈乕僪,0,2,4,1,4,7,11,75,-1,1,1,1,3,嵦庢,3,塣婥,-1,崅懍廂廤,1,,,,,忋幙側栄旂,1,棾崪亂戝亃,3,弬拵偺寴妅,1,,
僽儗僀僽俽傾乕儉,0,1,4,1,4,7,18,114,3,0,0,0,2,嵦庢,5,懱椡,-3,夞暅懍搙,1,忔傝,1,,,揤嬻偺寢徎,2,忋幙側栄旂,1,儔儞億僗偺忋椮,2,僪儔僌儔僀僩峼愇,4
僽儗僀僽俽僈乕僪,0,2,4,1,4,7,9,75,4,1,1,1,3,嵦庢,5,懱椡,-3,夞暅懍搙,1,忔傝,2,,,揤嬻偺寢徎,2,忋幙側栄旂,1,儔儞億僗偺忋椮,2,僪儔僌儔僀僩峼愇,4
僠僃乕儞俽傾乕儉,0,1,4,1,4,7,23,115,2,2,-3,1,0,懱椡,3,挷崌惉岟棪,1,暊尭傝,2,悋柊,-2,,,僇僽儗儔僀僩峼愇,2,昘寢徎,2,戝抧偺寢徎,2,,
僠僃乕儞俽僈乕僪,0,2,4,1,4,7,11,75,3,3,-2,2,1,懱椡,3,挷崌惉岟棪,1,暊尭傝,2,悋柊,-2,,,僇僽儗儔僀僩峼愇,2,昘寢徎,2,戝抧偺寢徎,2,,
僴儞僞乕俽傾乕儉,0,1,4,1,4,7,26,116,0,2,-4,0,0,愮棦娽,1,挷崌惉岟棪,1,庪恖,3,撆,-1,,,僇僽儗儔僀僩峼愇,2,僕儍僊傿偺忋椮,2,戝抧偺寢徎,2,棾崪亂戝亃,2
僴儞僞乕俽僈乕僪,0,2,4,1,4,7,13,75,1,3,-3,1,1,愮棦娽,1,挷崌惉岟棪,1,庪恖,3,撆,-1,,,僇僽儗儔僀僩峼愇,2,僕儍僊傿偺忋椮,2,戝抧偺寢徎,2,棾崪亂戝亃,2
儃乕儞俽傾乕儉,0,1,4,0,4,7,27,117,2,0,-1,-3,0,KO,3,娤嶡娽,4,揓,1,悋柊,-1,,,忋幙側捁棾崪,2,棾崪亂戝亃,1,偲偑偭偨夊,5,,
儃乕儞俽僈乕僪,0,2,4,0,4,7,13,75,3,1,0,-2,1,KO,3,娤嶡娽,4,揓,1,悋柊,-1,,,忋幙側捁棾崪,2,棾崪亂戝亃,1,偲偑偭偨夊,5,,
傾儘僀俽傾乕儉,0,1,4,0,4,7,28,116,-1,2,-3,-2,0,杊屼,4,嵦庢,-1,払恖,2,晽埑,1,,,僇僽儗儔僀僩峼愇,3,儗價僥儔僀僩峼愇,2,儅僇儔僀僩峼愇,7,戝抧偺寢徎,7
傾儘僀俽僈乕僪,0,2,4,0,4,7,14,75,0,3,-2,-1,1,憰揢懍搙,3,嵦庢,-2,嶶抏嫮壔,3,嶶抏捛壛,2,,,僇僽儗儔僀僩峼愇,3,儗價僥儔僀僩峼愇,2,儅僇儔僀僩峼愇,7,戝抧偺寢徎,7
儅僊儏儖儔乕儅,0,1,4,0,99,4,19,121,-4,1,0,2,0,廳寕,2,棴傔抁弅,3,挷崌惉岟棪,1,挷崌悢,2,夞暅懍搙,3,儁僺億僷儞僾僉儞,2,僉儔價乕僩儖,2,僣儔僰僉偺幚,10,僩僂僈儔僔,10
儅僊儏儖傾僗僩,0,2,4,0,99,4,9,75,-3,2,1,3,1,廳寕,2,棴傔抁弅,3,挷崌惉岟棪,1,挷崌悢,2,夞暅懍搙,3,儁僺億僷儞僾僉儞,2,僉儔價乕僩儖,2,僣儔僰僉偺幚,10,僩僂僈儔僔,10
儘儚乕僈儅乕僲,1,1,4,1,3,5,18,120,-4,0,3,-1,1,懏惈夝曻,1,挳妎曐岇,1,棿懏惈峌寕,3,壛岇,-3,,,僆僆僋儚傾僎僴,1,儗價僥儔僀僩峼愇,2,傾儖價僲僄僉僗,5,偵偑拵,10
儘儚乕僈僽儔僢僜,1,2,4,1,3,5,9,75,-3,1,4,0,2,懏惈夝曻,1,挳妎曐岇,1,棿懏惈峌寕,3,壛岇,-3,,,僆僆僋儚傾僎僴,1,儗價僥儔僀僩峼愇,2,傾儖價僲僄僉僗,5,偵偑拵,10
僼傽儖儊儖儅乕僲,2,1,4,1,3,5,18,120,-4,0,3,-1,1,懏惈夝曻,1,挳妎曐岇,1,棿懏惈峌寕,3,壛岇,-3,,,僆僆僋儚傾僎僴,1,儗價僥儔僀僩峼愇,2,傾儖價僲僄僉僗,5,偵偑拵,10
僼傽儖儊儖僽儔僢僜,2,2,4,1,3,5,9,75,-3,1,4,0,2,懏惈夝曻,1,挳妎曐岇,1,棿懏惈峌寕,3,壛岇,-3,,,僆僆僋儚傾僎僴,1,儗價僥儔僀僩峼愇,2,傾儖價僲僄僉僗,5,偵偑拵,10
僉儞僌儘僽僗僞傾乕儉,0,1,4,1,99,4,16,118,-2,5,-5,2,-2,夞旔惈擻,2,夞旔嫍棧,1,壩懴惈,-3,,,,,僄價偺彫妅,2,壔偗嶭偺僸儗,1,僇儚僘偺桘,2,戝抧偺寢徎,4
僉儞僌儘僽僗僞僈乕僪,0,2,4,1,99,4,8,74,-1,6,-4,3,-1,夞旔惈擻,2,夞旔嫍棧,1,壩懴惈,-3,,,,,僄價偺彫妅,2,壔偗嶭偺僸儗,1,僇儚僘偺桘,2,戝抧偺寢徎,4
僈乕僨傿傾儞傾乕儉,1,1,4,1,2,99,18,120,0,0,0,0,0,嵦庢,-2,朇弍,4,壛岇,2,,,,,僪儔僌儔僀僩峼愇,2,摤媄墹偺僐僀儞,3,捁棾偺僐僀儞,3,,
僈乕僨傿傾儞僈乕僪,1,2,4,1,2,99,9,75,1,1,1,1,1,嵦庢,-2,峀堟,3,壛岇,2,,,,,僪儔僌儔僀僩峼愇,2,摤媄墹偺僐僀儞,3,捁棾偺僐僀儞,3,,
僿儖僷乕僌儔僽,2,1,4,1,2,99,18,120,0,0,0,0,0,嵦庢,-2,朇弍,4,壛岇,2,,,,,僪儔僌儔僀僩峼愇,2,摤媄墹偺僐僀儞,3,捁棾偺僐僀儞,3,,
僿儖僷乕僇僼僗,2,2,4,1,2,99,9,75,1,1,1,1,1,嵦庢,-2,峀堟,3,壛岇,2,,,,,僪儔僌儔僀僩峼愇,2,摤媄墹偺僐僀儞,3,捁棾偺僐僀儞,3,,
僊儖僪僶乕僪傾乕儉,1,1,4,1,3,99,20,122,0,0,0,0,0,塣婥,3,峀堟,4,婥攝,-3,,,,,儗價僥儔僀僩峼愇,1,宄偺僐僀儞,2,捁棾偺僐僀儞,3,摤媄墹偺僐僀儞,3
僊儖僪僶乕僪僇僼僗,1,2,4,1,3,99,10,76,1,1,1,1,1,塣婥,3,峀堟,4,婥攝,-3,,,,,儗價僥儔僀僩峼愇,1,宄偺僐僀儞,2,捁棾偺僐僀儞,3,摤媄墹偺僐僀儞,3
僗僇儔乕僌儔僽,2,1,4,1,3,99,20,122,0,0,0,0,0,塣婥,3,峀堟,4,婥攝,-3,,,,,儗價僥儔僀僩峼愇,1,宄偺僐僀儞,2,捁棾偺僐僀儞,3,摤媄墹偺僐僀儞,3
僗僇儔乕僇僼僗,2,2,4,1,3,99,10,76,1,1,1,1,1,塣婥,3,峀堟,4,婥攝,-3,,,,,儗價僥儔僀僩峼愇,1,宄偺僐僀儞,2,捁棾偺僐僀儞,3,摤媄墹偺僐僀儞,3
僐儞僈倀傾乕儉,0,1,5,1,4,7,40,117,1,0,0,-4,3,掙椡,2,敋抏嫮壔,2,暊尭傝,-1,,,,,椢栄廱偺崉栄,2,椢栄廱偺愲捾,3,僐儞僈偺崉栄,4,偲偑偭偨捾,4
僐儞僈倀僈乕僪,0,2,5,1,4,7,20,77,2,1,1,-3,4,掙椡,2,敋抏嫮壔,2,暊尭傝,-1,,,,,椢栄廱偺崉栄,2,椢栄廱偺愲捾,3,僐儞僈偺崉栄,4,偲偑偭偨捾,4
僎儕儑僗俽傾乕儉,0,1,5,2,4,7,47,120,-5,2,3,-2,0,払恖,2,暊尭傝,-2,撆,2,,,,,僑儉幙偺忋旂,4,儌儞僗僞乕偺擹廯,2,戝抧偺寢徎,4,僎僱億僗偺忋椮,2
僎儕儑僗俽僈乕僪,0,2,5,2,4,7,23,78,-4,3,4,-1,1,払恖,2,暊尭傝,-2,撆,2,,,,,僑儉幙偺忋旂,4,儌儞僗僞乕偺擹廯,2,戝抧偺寢徎,4,僎僱億僗偺忋椮,2
僇僽儔俽傾乕儉,0,1,5,1,4,7,48,121,3,-5,-4,0,2,杊屼,4,嵦庢,-2,懱椡,1,尋偓巘,2,,,婼奮偺愲捾,2,婼奮偺寴妅,4,婼奮偺忋椮,2,僪僗僿儔僋儗僗,5
僇僽儔俽僈乕僪,0,2,5,1,4,7,24,78,4,-4,-3,1,3,憰揢懍搙,2,杊屼,4,嵦庢,-2,懱椡,1,,,婼奮偺愲捾,2,婼奮偺寴妅,4,婼奮偺忋椮,2,僪僗僿儔僋儗僗,5
僗僉儏儔俽傾乕儉,0,1,5,0,4,7,48,121,-3,3,-3,2,3,払恖,3,娤嶡娽,1,暊尭傝,-3,崅懍愝抲,4,撆,3,塭抴鍋偺塻捾,4,塭抴鍋偺寴妅,2,寴楽側崪,1,弬拵偺寴妅,3
僗僉儏儔俽僈乕僪,0,2,5,0,4,7,24,78,-2,4,-2,3,4,払恖,3,娤嶡娽,1,暊尭傝,-3,崅懍愝抲,4,撆,3,塭抴鍋偺塻捾,4,塭抴鍋偺寴妅,2,寴楽側崪,1,弬拵偺寴妅,3
僓儃傾俽傾乕儉,0,1,5,2,5,8,53,124,-4,3,-5,3,0,昘懏惈峌寕,3,怘帠,2,暊尭傝,-3,,,,,壔偗嶭偺忋旂,4,壔偗嶭偺忋椮,2,壔偗嶭偺椮,3,嶭敡偺椮,2
僓儃傾俽僈乕僪,0,2,5,2,5,8,27,79,-3,4,-4,4,1,昘懏惈峌寕,3,怘帠,2,暊尭傝,-3,,,,,壔偗嶭偺忋旂,4,壔偗嶭偺忋椮,2,壔偗嶭偺椮,3,嶭敡偺椮,2
僈儔儔俽傾乕儉,0,1,5,0,5,8,55,124,3,-3,0,-5,3,曔妉,3,挳妎曐岇,3,婥傑偖傟,-3,杻醿,3,,,峣幹棾偺寴妅,5,峣幹棾偺峛妅,6,峣幹棾偺崪悜,2,僎僱億僗偺忋旂,3
僈儔儔俽僈乕僪,0,2,5,0,5,8,28,80,4,-2,1,-4,4,曔妉,3,挳妎曐岇,2,婥傑偖傟,-3,杻醿,4,,,峣幹棾偺寴妅,5,峣幹棾偺峛妅,6,峣幹棾偺崪悜,2,僎僱億僗偺忋旂,3
僼儖僼儖俽傾乕儉,0,1,5,1,5,8,50,121,-5,1,1,2,1,棆懏惈峌寕,3,峀堟,2,夞暅懍搙,2,婥愨,-1,,,恀庫怓偺廮旂,2,僇僽儗儔僀僩峼愇,2,擏岤側忋旂,5,忋棾崪,2
僼儖僼儖俽僈乕僪,0,2,5,1,5,8,25,79,-4,2,2,3,2,棆懏惈峌寕,3,峀堟,2,夞暅懍搙,2,婥愨,-1,,,恀庫怓偺廮旂,2,僇僽儗儔僀僩峼愇,2,擏岤側忋旂,5,忋棾崪,2
儗僀傾俽傾乕儉,0,1,5,1,5,8,50,121,3,0,-2,0,-4,懱椡,3,壩懏惈峌寕,4,夞暅検,1,夞暅懍搙,-1,,,帗壩棾偺寴妅,4,壩棾偺梼捾,3,帗壩棾偺灆,2,峠楡愇,3
儗僀傾俽僈乕僪,0,2,5,1,5,8,25,79,4,1,-1,1,-3,懱椡,3,壩懏惈峌寕,4,夞暅検,1,夞暅懍搙,-1,,,帗壩棾偺寴妅,4,壩棾偺梼捾,3,帗壩棾偺灆,2,峠楡愇,3
儗僂僗俽傾乕儉,0,1,5,1,5,8,57,126,3,0,-2,0,-4,峌寕,5,壩懏惈峌寕,2,夞暅検,-2,,,,,壩棾偺忋椮,4,壩棾偺梼捾,2,壩棾偺怟旜,1,崠墛愇,2
儗僂僗俽僈乕僪,0,2,5,1,5,8,28,80,4,1,-1,1,-3,峌寕,4,壩懏惈峌寕,3,夞暅検,-2,,,,,壩棾偺忋椮,4,壩棾偺梼捾,2,壩棾偺怟旜,1,崠墛愇,2
儗僢僋僗俽傾乕儉,0,1,5,2,5,8,55,124,2,-1,-4,0,-2,彔,2,峌寕,2,尋偓巘,-2,怘偄偟傫朧,2,,,崒棾偺塻夊,3,崒棾偺忋椮,6,寴棾崪,2,嬬棾偺旂,5
儗僢僋僗俽僈乕僪,0,2,5,2,5,8,28,80,3,0,-3,1,-1,斀摦,-2,峌寕,2,憰揢悢,2,怘偄偟傫朧,2,,,崒棾偺塻夊,3,崒棾偺忋椮,6,寴棾崪,2,嬬棾偺旂,5
僕儞僆僂俽傾乕儉,0,1,5,0,5,8,52,123,0,-2,3,-4,1,寱弍,1,杮婥,5,巃傟枴,3,棆懏惈峌寕,3,婥攝,-2,棆楾棾偺愲捾,5,棆楾棾偺崅揹妅,4,棆楾棾偺懷揹栄,3,揙峛拵偺寴妅,6
僕儞僆僂俽僈乕僪,0,2,5,0,5,8,26,79,1,-1,4,-3,2,憰揢懍搙,3,杮婥,4,憰揢悢,2,棆懏惈峌寕,3,婥攝,-2,棆楾棾偺愲捾,5,棆楾棾偺崅揹妅,4,棆楾棾偺懷揹栄,3,揙峛拵偺寴妅,6
僙儖僞僗俽傾乕儉,0,1,5,2,5,8,53,124,-4,3,-1,-3,3,彔,2,朇弍,2,巃傟枴,1,婥椡夞暅,-3,,,廳峛拵偺寴妅,6,廳峛拵偺塻捾,2,廳峛拵偺寴嫻妅,5,儌儞僗僞乕偺擹廯,6
僙儖僞僗俽僈乕僪,0,2,5,2,5,8,27,79,-3,4,0,-2,-4,憰揢懍搙,4,朇弍,2,婥椡夞暅,-3,,,,,廳峛拵偺寴妅,6,廳峛拵偺塻捾,2,廳峛拵偺寴嫻妅,5,儌儞僗僞乕偺擹廯,6
僌儔價僪俽傾乕儉,0,1,5,2,5,8,57,126,3,-4,0,2,-3,彔,2,杊屼,2,僈乕僪惈擻,4,僗僞儈僫,-2,,,奪棾偺寴妅,2,奪棾偺摢妅,1,寴棾崪,1,崠墛愇,1
僌儔價僪俽僈乕僪,0,2,5,2,5,8,29,80,4,-3,1,3,-2,斀摦,4,杊屼,2,僗僞儈僫,-2,憰揢悢,2,,,奪棾偺寴妅,2,奪棾偺摢妅,1,寴棾崪,1,崠墛愇,1
僋僢僋倀傾乕儉,0,1,5,2,4,7,47,120,3,-4,-3,0,2,払恖,3,挳妎曐岇,-1,僗僞儈僫,2,,,,,惵夦捁偺忋椮,3,惵夦捁偺寴妅,2,嫮恱側捁棾旂,2,寴楽側崪,3
僋僢僋倀僈乕僪,0,2,5,2,4,7,23,78,4,-3,-2,1,3,払恖,3,挳妎曐岇,-1,僗僞儈僫,2,,,,,惵夦捁偺忋椮,3,惵夦捁偺寴妅,2,嫮恱側捁棾旂,2,寴楽側崪,3
僶僒儖俽傾乕儉,0,1,5,2,5,99,50,121,-1,-2,1,1,-3,擺搧,3,怘帠,3,暊尭傝,-2,懴揇懴愥,1,,,娾棾偺寴妅,3,僪儔僌儔僀僩峼愇,5,栆撆戃,3,儐僯僆儞峼愇,6
僶僒儖俽僈乕僪,0,2,5,2,5,99,25,79,0,-1,2,2,-2,擺搧,3,怘帠,3,暊尭傝,-2,懴揇懴愥,1,,,娾棾偺寴妅,3,僪儔僌儔僀僩峼愇,5,栆撆戃,3,儐僯僆儞峼愇,6
僈儖儖僈俽傾乕儉,0,1,5,2,6,9,60,127,3,-4,3,-4,1,寱弍,-1,払恖,2,挳妎曐岇,2,巃傟枴,2,,,崟楾捁偺忋椮,5,崟楾捁偺寴妅,3,崟楾捁偺怟旜,1,寴棾崪,2
僈儖儖僈俽僈乕僪,0,2,5,2,6,9,30,80,4,-3,4,-3,2,払恖,2,挳妎曐岇,2,僗僞儈僫,-1,娧捠抏嫮壔,2,,,崟楾捁偺忋椮,5,崟楾捁偺寴妅,3,崟楾捁偺怟旜,1,寴棾崪,2
儌僲僽儘俽傾乕儉,0,1,5,2,99,8,57,126,0,2,-3,-4,2,峌寕,3,掙椡,2,壛岇,-2,,,,,堦妏棾偺寴峛,2,忋幙側恀峠偺妏,1,堦妏棾偺寴妅,4,寴棾崪,3
儌僲僽儘俽僈乕僪,0,2,5,2,99,8,29,80,1,3,-2,-3,3,峌寕,3,掙椡,2,壛岇,-2,,,,,堦妏棾偺寴峛,2,忋幙側恀峠偺妏,1,堦妏棾偺寴妅,4,寴棾崪,3
僽儔儞僑傾乕儉,0,1,5,0,5,99,55,124,-4,2,0,2,1,峌寕,2,懴弸,-2,懴姦,3,懴揇懴愥,2,,,愥巶巕偺崉栄,2,敀揺廱偺搥捾,2,敀揺廱偺寴暊峛,2,寴楽側崪,2
僽儔儞僑僈乕僪,0,2,5,0,5,99,28,80,-3,3,1,3,2,峌寕,2,懴弸,-2,懴姦,3,懴揇懴愥,2,,,愥巶巕偺崉栄,2,敀揺廱偺搥捾,2,敀揺廱偺寴暊峛,2,寴楽側崪,2
僈僽儖傾乕儉,0,1,5,1,5,99,52,123,-2,3,-4,0,1,払恖,5,怘帠,2,夞暅懍搙,-2,,,,,摂嫑棾偺忋旂,4,摂嫑棾偺忋灆,1,壔偗嶭偺椮,3,棾崪亂拞亃,5
僈僽儖僈乕僪,0,2,5,1,5,99,26,79,-1,4,-3,1,2,払恖,5,怘帠,2,夞暅懍搙,-2,,,,,摂嫑棾偺忋旂,4,摂嫑棾偺忋灆,1,壔偗嶭偺椮,3,棾崪亂拞亃,5
儀儕僆傾乕儉,0,1,5,1,5,99,57,126,-5,0,-1,3,0,夞旔惈擻,2,昘懏惈峌寕,4,懱弍,2,婥椡夞暅,-2,,,噫噙怓偺塻夊,2,敀揺廱偺崉栄,4,敀揺廱偺寴暊峛,3,,
儀儕僆僈乕僪,0,2,5,1,5,99,29,80,-4,1,0,4,1,夞旔惈擻,1,昘懏惈峌寕,4,懱弍,2,婥椡夞暅,-2,,,噫噙怓偺塻夊,2,敀揺廱偺崉栄,4,敀揺廱偺寴暊峛,3,,
僴僀儊僞俽傾乕儉,0,1,5,1,99,7,18,114,-2,-2,3,-1,0,杊屼,3,尋偓巘,2,撆,-2,,,,,仸揦攧傝,1,,,,,,
僴僀儊僞俽僈乕僪,0,2,5,1,99,7,9,75,-1,-1,4,0,1,杊屼,3,捠忢抏嫮壔,2,撆,-2,,,,,仸揦攧傝,1,,,,,,
僀乕僆僗乕僣僌儔僽,0,1,5,2,5,8,41,116,2,1,1,1,1,塣婥,2,撆,3,婥愨,-2,,,,,僀乕僆僗偺忋旂,4,僀乕僆僗偺忋椮,4,僀乕僆僗偺撆夊,8,栆撆戃,3
僀乕僆僗乕僣僴儞僪,0,2,5,2,5,8,21,78,3,2,2,2,2,嵦庢,-2,塣婥,4,壩懴惈,2,,,,,僀乕僆僗偺忋旂,4,僀乕僆僗偺忋椮,4,僀乕僆僗偺撆夊,8,栆撆戃,3
僆僂價乕僩儅乕僲,1,1,5,2,5,99,43,118,3,-5,3,-4,2,嵦庢,2,夞旔惈擻,2,摿庩峌寕,2,懴姦,-2,,,僆僆僣僲傾僎僴,1,儅儗僐僈僱,1,揹寕戃,1,杻醿戃,2
僆僂價乕僩僽儔僢僜,1,2,5,2,5,99,21,78,4,-4,5,-3,2,嵦庢,2,夞旔惈擻,2,摿庩峌寕,2,懴姦,-2,,,僆僆僣僲傾僎僴,1,儅儗僐僈僱,1,揹寕戃,1,杻醿戃,2
僷僺儊儖儅乕僲,2,1,5,2,5,99,43,118,3,-5,3,-4,2,嵦庢,2,夞旔惈擻,2,摿庩峌寕,2,懴姦,-2,,,僆僆僣僲傾僎僴,1,儅儗僐僈僱,1,揹寕戃,1,杻醿戃,2
僷僺儊儖僽儔僢僜,2,2,5,2,5,99,21,78,4,-4,5,-3,2,嵦庢,2,夞旔惈擻,2,摿庩峌寕,2,懴姦,-2,,,僆僆僣僲傾僎僴,1,儅儗僐僈僱,1,揹寕戃,1,杻醿戃,2
傾乕僥傿傾俽傾乕儉,0,1,5,2,5,9,51,122,0,-3,-3,2,3,懏惈夝曻,4,敳搧夛怱,2,僈乕僪嫮壔,3,,,,,懢屆偺攋曅,6,僼儖僋儔僀僩峼愇,2,偝傃偨攋曅,2,揤嬻偺寢徎,10
傾乕僥傿傾俽僈乕僪,0,2,5,2,5,9,26,79,1,-2,-2,3,4,斀摦,4,懍幩,3,捝寕,3,,,,,懢屆偺攋曅,6,僼儖僋儔僀僩峼愇,2,偝傃偨攋曅,2,揤嬻偺寢徎,10
嶰娽偺榬椫,0,0,5,3,4,7,18,77,0,3,-3,0,1,,,,,,,,,,,僇僽儗儔僀僩峼愇,3,僲償傽僋儕僗僞儖,2,,,,
僑傾俽傾乕儉,0,1,6,0,5,99,52,123,-5,3,-3,2,-2,嵶嬠妛,4,彔,2,摤嵃,4,壩懴惈,-4,,,崟怚棾偺塻嶴捾,5,崟怚棾偺忋埫梼,2,崟怚棾偺寴妅,5,崟怚棾偺埫梼,2
僑傾俽僈乕僪,0,2,6,0,5,99,26,79,-4,4,-2,3,-1,嵶嬠妛,4,摤嵃,3,憰揢悢,2,壩懴惈,-5,,,崟怚棾偺塻嶴捾,5,崟怚棾偺忋埫梼,2,崟怚棾偺寴妅,5,崟怚棾偺埫梼,2
儗僊僆僗俽傾乕儉,0,1,6,1,99,9,58,125,3,0,-3,-2,0,寱弍,4,尋偓巘,-3,懱弍,4,楐彎,1,,,愮恘棾偺崗捾,5,愮恘棾偺愲梼捾,4,愮恘棾偺旘恘,3,僲償傽僋儕僗僞儖,2
儗僊僆僗俽僈乕僪,0,2,6,1,99,9,29,80,4,1,-2,-1,1,憰揢懍搙,-2,斀摦,4,懱弍,4,楐彎,1,,,愮恘棾偺崗捾,5,愮恘棾偺愲梼捾,4,愮恘棾偺旘恘,3,僲償傽僋儕僗僞儖,2
僎儕儑僗倀傾乕儉,0,1,6,0,4,7,48,121,-5,2,3,-2,0,払恖,-1,晽埑,4,婥愨,2,,,,,僑儉幙偺巼旂,3,撆夦捁偺巼梼,2,戝抧偺寢徎,4,僎僱億僗偺忋椮,2
僎儕儑僗倀僈乕僪,0,2,6,0,4,7,24,78,-4,3,4,-1,1,払恖,-1,晽埑,4,婥愨,2,,,,,僑儉幙偺巼旂,3,撆夦捁偺巼梼,2,戝抧偺寢徎,4,僎僱億僗偺忋椮,2
僼儖僼儖倀傾乕儉,0,1,6,2,5,8,51,122,1,-5,1,2,1,夞暅検,1,峀堟,3,夞暅懍搙,-2,,,,,枺榝怓偺廮旂,3,傾儖價僲偺憵崀傝,1,儐僯僆儞峼愇,4,惗柦偺暡恛,3
僼儖僼儖倀僈乕僪,0,2,6,2,5,8,26,79,2,-4,2,3,2,夞暅検,1,峀堟,3,夞暅懍搙,-2,,,,,枺榝怓偺廮旂,3,傾儖價僲偺憵崀傝,1,儐僯僆儞峼愇,4,惗柦偺暡恛,3
儕僆僴乕僩傾乕儉,0,1,6,1,5,8,51,122,3,0,-2,0,-4,掙椡,1,壩懏惈峌寕,5,晽埑,2,婥攝,-1,,,嶗壩棾偺寴妅,2,嶗壩棾偺忋椮,4,愲棾崪,3,帗壩棾偺媡椮,1
儕僆僴乕僩僈乕僪,0,2,6,1,5,8,26,79,4,1,-1,1,-3,掙椡,1,壩懏惈峌寕,5,晽埑,2,婥攝,-1,,,嶗壩棾偺寴妅,2,嶗壩棾偺忋椮,4,愲棾崪,3,帗壩棾偺媡椮,1
儕僆僜僂儖傾乕儉,0,1,6,1,6,9,58,125,3,0,0,-2,-4,払恖,5,懱椡,-2,挳妎曐岇,1,巃傟枴,2,,,憮壩棾偺寴妅,2,憮壩棾偺怟旜,3,寴棾崪,3,僇僽儗儔僀僩峼愇,3
儕僆僜僂儖僈乕僪,0,2,6,1,6,9,29,80,4,1,1,-1,-3,払恖,5,懱椡,-2,挳妎曐岇,1,捠忢抏嫮壔,1,,,憮壩棾偺寴妅,2,憮壩棾偺怟旜,3,寴棾崪,3,僇僽儗儔僀僩峼愇,3
儗僢僋僗倀傾乕儉,0,1,6,1,6,9,59,126,2,-4,-2,0,-1,挳妎曐岇,1,尋偓巘,-1,娤嶡娽,2,怘帠,3,,,崟崒棾偺塻夊,3,崟崒棾偺忋椮,5,寴棾崪,3,僀乕僆僗偺忋椮,10
儗僢僋僗倀僈乕僪,0,2,6,1,6,9,29,80,3,-3,-1,1,0,斀摦,-1,挳妎曐岇,1,娤嶡娽,2,怘帠,3,,,崟崒棾偺塻夊,3,崟崒棾偺忋椮,5,寴棾崪,3,僀乕僆僗偺忋椮,10
僕儞僆僂倀傾乕儉,0,1,6,1,6,9,53,124,0,-4,-5,0,4,夞旔惈擻,1,棴傔抁弅,1,柍彎,3,棿懏惈峌寕,2,夞暅検,-2,崠楾棾偺愲捾,5,崠楾棾偺棿妅,4,崠楾棾偺棿栄,3,僲償傽僋儕僗僞儖,2
僕儞僆僂倀僈乕僪,0,2,6,1,6,9,27,79,1,-3,-4,1,5,夞旔惈擻,1,柍彎,3,憰揢悢,1,棿懏惈峌寕,2,夞暅検,-2,崠楾棾偺愲捾,5,崠楾棾偺棿妅,4,崠楾棾偺棿栄,3,僲償傽僋儕僗僞儖,2
僌儔價僪倀傾乕儉,0,1,6,2,6,9,58,125,3,-5,1,1,1,杊屼,2,僈乕僪嫮壔,2,僗僞儈僫,-2,擱椮,3,,,崟奪棾偺寴妅,2,奪棾偺寴妅,1,寴棾崪,3,敋墛戃,3
僌儔價僪倀僈乕僪,0,2,6,2,6,9,29,80,4,-4,2,2,2,杊屼,2,僈乕僪嫮壔,2,僗僞儈僫,-2,擱椮,3,,,崟奪棾偺寴妅,2,奪棾偺寴妅,1,寴棾崪,3,敋墛戃,3
僽儔僉俽傾乕儉,0,1,6,1,6,9,57,126,3,-4,0,-2,0,敳搧夛怱,1,摤嵃,3,夞旔惈擻,-2,掙椡,3,敋抏嫮壔,3,嵱棾偺寴崟梛峛,3,嵱棾偺崉対,1,側偧偺擲嬠,3,僲償傽僋儕僗僞儖,1
僽儔僉俽僈乕僪,0,2,6,1,6,9,28,80,4,-3,1,-1,1,懍幩,1,摤嵃,3,夞旔惈擻,-2,掙椡,3,敋抏嫮壔,3,嵱棾偺寴崟梛峛,3,嵱棾偺崉対,1,側偧偺擲嬠,3,僲償傽僋儕僗僞儖,1
僶儞僊僗傾乕儉,0,1,6,0,7,9,62,127,0,0,-4,1,-4,峌寕,3,巃傟枴,3,怘帠,2,暊尭傝,-2,,,嫲朶棾偺崟椮,6,嫲朶棾偺戝夊,5,嫲朶棾偺懥塼,3,嵱棾偺崪悜,1
僶儞僊僗僈乕僪,0,2,6,0,7,9,31,80,1,1,-3,2,-3,斀摦,3,峌寕,4,怘帠,3,暊尭傝,-2,,,嫲朶棾偺崟椮,6,嫲朶棾偺戝夊,5,嫲朶棾偺懥塼,3,嵱棾偺崪悜,1
僶僒儖倀傾乕儉,0,1,6,2,5,99,53,124,0,-2,0,-3,1,僈乕僪惈擻,3,懴弸,3,撆,2,杻醿,-2,,,搷娾棾偺寴妅,3,僇僽儗儔僀僩峼愇,5,栆撆戃,3,搷娾棾偺梼,2
僶僒儖倀僈乕僪,0,2,6,2,5,99,27,79,1,-1,1,-2,2,捠忢抏嫮壔,2,懴弸,3,撆,2,杻醿,-2,,,搷娾棾偺寴妅,3,僇僽儗儔僀僩峼愇,5,栆撆戃,3,搷娾棾偺梼,2
僉儕儞俽傾乕儉儘儞僌,0,1,6,2,8,99,60,127,-3,-3,5,-1,3,懏惈夝曻,2,懏惈懴惈,2,塣婥,-3,懏惈峌寕,2,,,僉儕儞偺忋旂,3,僉儕儞偺棆旜,3,惵夦捁偺寴妅,6,僼儖僋儔僀僩峼愇,2
僉儕儞俽僌儘乕僽,0,2,6,2,8,99,30,80,-2,-2,6,0,4,懏惈夝曻,2,懏惈懴惈,2,塣婥,-3,懏惈峌寕,2,,,僉儕儞偺忋旂,3,僉儕儞偺棆旜,3,惵夦捁偺寴妅,6,僼儖僋儔僀僩峼愇,2
儔僊傾傾乕儉,0,1,6,1,6,99,60,127,-5,1,3,-1,-1,懏惈夝曻,3,捝寕,3,摿庩峌寕,-2,棴傔抁弅,3,,,奀棾偺崅揹妅,1,憮壩棾偺忋椮,3,憮壩棾偺梼,3,,
儔僊傾僈乕僪,0,2,6,1,6,99,30,80,-4,2,4,0,0,懏惈夝曻,3,捝寕,3,摿庩峌寕,-2,棴傔抁弅,3,,,奀棾偺崅揹妅,1,憮壩棾偺忋椮,3,憮壩棾偺梼,3,,
傾僌僫傾乕儉,0,1,6,2,6,99,59,126,3,-5,0,-1,0,僈乕僪惈擻,1,掙椡,-2,壩懏惈峌寕,3,擱椮,1,,,墛滣棾偺寴妅,4,崟崒棾偺愲捾,2,峠楡愇,4,,
傾僌僫僈乕僪,0,2,6,1,6,99,30,80,4,-4,1,0,1,掙椡,-2,捠忢抏嫮壔,3,惛枾幩寕,2,壩懏惈峌寕,2,擱椮,1,墛滣棾偺寴妅,4,崟崒棾偺愲捾,2,峠楡愇,4,,
僪乕儀儖傾乕儉,0,1,6,2,4,7,47,120,-2,0,0,0,3,棿懏惈峌寕,3,暊尭傝,-2,懴恔,1,,,,,偄偵偟偊偺棿崪,3,婼奮偺嫄戝夊,3,捁棾嬍,2,棾崪亂戝亃,5
僪乕儀儖僈乕僪,0,2,6,2,4,7,24,78,-1,1,1,1,4,憰揢懍搙,1,棿懏惈峌寕,4,暊尭傝,-2,,,,,偄偵偟偊偺棿崪,3,婼奮偺嫄戝夊,3,捁棾嬍,2,棾崪亂戝亃,5
儂乕僋傾乕儉,1,1,6,2,5,99,45,120,2,-1,1,0,2,庪恖,3,巜婗,2,暊尭傝,-3,,,,,椃抍僠働僢僩,2,僆僆僣僲傾僎僴,4,僄價偺彫妅,5,揤嬻偺寢徎,3
儂乕僋僈乕僪,1,2,6,1,5,99,23,78,3,0,2,1,3,庪恖,3,巜婗,3,暊尭傝,-3,,,,,椃抍僠働僢僩,2,僆僆僣僲傾僎僴,4,僄價偺彫妅,5,揤嬻偺寢徎,3
僄僐乕儖傾乕儉,2,1,6,2,5,99,45,120,2,-1,1,0,2,庪恖,3,巜婗,2,暊尭傝,-3,,,,,椃抍僠働僢僩,2,僆僆僣僲傾僎僴,4,僄價偺彫妅,5,揤嬻偺寢徎,3
僄僐乕儖僈乕僪,2,2,6,1,5,99,23,78,3,0,2,1,3,庪恖,3,巜婗,3,暊尭傝,-3,,,,,椃抍僠働僢僩,2,僆僆僣僲傾僎僴,4,僄價偺彫妅,5,揤嬻偺寢徎,3
僊儖僪僫僀僩僌儔僽,1,1,6,1,8,10,52,123,0,0,0,0,0,彔,2,攳偓庢傝,1,峀堟,5,婥攝,-3,,,婓朷偺徹,1,惵夦捁偺忋椮,4,僀僇偟偨僋僠僶僔,2,,
僊儖僪僫僀僩僇僼僗,1,2,6,1,8,10,26,79,1,1,1,1,1,攳偓庢傝,1,憰揢悢,2,峀堟,5,婥攝,-3,,,婓朷偺徹,1,惵夦捁偺忋椮,4,僀僇偟偨僋僠僶僔,2,,
儊僀僪僌儔僽,2,1,6,1,8,10,52,123,0,0,0,0,0,彔,2,攳偓庢傝,1,峀堟,5,婥攝,-3,,,婓朷偺徹,1,惵夦捁偺忋椮,4,僀僇偟偨僋僠僶僔,2,,
儊僀僪僇僼僗,2,2,6,1,8,10,26,79,1,1,1,1,1,攳偓庢傝,1,憰揢悢,2,峀堟,5,婥攝,-3,,,婓朷偺徹,1,惵夦捁偺忋椮,4,僀僇偟偨僋僠僶僔,2,,
儐僋儌僲僐僥丒揤,0,1,6,2,8,99,60,127,-1,0,2,0,0,彔,1,尋偓巘,3,夞暅検,2,壛岇,3,,,幹墹棿偺峾旂,3,嫢惎偺攋曅,1,幹墹棿偺珀捾,2,,
儐僋儌僲僐僥丒抧,0,2,6,2,8,99,30,80,0,1,3,1,1,憰揢懍搙,3,憰揢悢,1,夞暅検,2,壛岇,3,,,幹墹棿偺峾旂,3,嫢惎偺攋曅,1,幹墹棿偺珀捾,2,,
忛嵡梀寕戉亂庤峛亃,0,1,6,0,6,99,53,124,0,0,0,0,0,彔,2,攳偓庢傝,4,崻惈,2,夞暅検,3,婥攝,-3,夊棾偺僐僀儞,2,庪椔墹偺僐僀儞,3,搥寢戃,4,,
忛嵡媩寕戉亂庤峛亃,0,2,6,0,6,99,27,79,1,1,1,1,1,攳偓庢傝,4,崻惈,2,憰揢悢,2,夞暅検,3,婥攝,-3,夊棾偺僐僀儞,2,庪椔墹偺僐僀儞,3,搥寢戃,4,,
僋儘僆價傾乕儉,0,1,6,0,8,99,55,124,2,2,2,2,2,摲宯摑攞壛,1,,,,,,,,,嬥巶巕偺崟栄,2,寕棿墹偺僐僀儞,3,旘棾偺僐僀儞,3,廱棾偺僐僀儞,3
僋儘僆價僈乕僪,0,2,6,0,8,99,28,80,3,3,3,3,3,摲宯摑攞壛,1,,,,,,,,,嬥巶巕偺崟栄,2,寕棿墹偺僐僀儞,3,旘棾偺僐僀儞,3,廱棾偺僐僀儞,3
僙僀儔乕僌儔僽,2,1,6,2,8,99,60,127,0,2,0,-2,0,塣婥,3,峀堟,4,婥攝,-3,,,,,婓朷偺徹,1,庪椔墹偺僐僀儞,3,夊棾偺僐僀儞,5,崠墛愇,8
僙僀儔乕僇僼僗,2,2,6,2,8,99,30,80,1,3,1,-1,1,塣婥,3,峀堟,3,婥攝,-3,,,,,婓朷偺徹,1,庪椔墹偺僐僀儞,3,夊棾偺僐僀儞,5,崠墛愇,8
傾乕僋俽傾乕儉,1,1,7,0,7,99,65,128,-4,4,0,3,-6,彔,3,杮婥,4,壩懴惈,-3,嫸寕懴惈,3,,,揤夢棿偺塻忩捾,5,揤夢棿偺忋擑梼,2,揤夢棿偺寴妅,5,揤夢棿偺擑梼,2
傾乕僋俽僈乕僪,1,2,7,0,7,99,33,81,-3,5,1,4,-5,杮婥,4,憰揢悢,3,壩懴惈,-3,嫸寕懴惈,3,,,揤夢棿偺塻忩捾,5,揤夢棿偺忋擑梼,2,揤夢棿偺寴妅,5,揤夢棿偺擑梼,2
僼傿儕傾俽傾乕儉,2,1,7,0,7,99,65,128,-4,4,0,3,-6,彔,3,杮婥,4,壩懴惈,-3,嫸寕懴惈,3,,,揤夢棿偺塻忩捾,5,揤夢棿偺忋擑梼,2,揤夢棿偺寴妅,5,揤夢棿偺擑梼,2
僼傿儕傾俽僈乕僪,2,2,7,0,7,99,33,81,-3,5,1,4,-5,杮婥,4,憰揢悢,3,壩懴惈,-3,嫸寕懴惈,3,,,揤夢棿偺塻忩捾,5,揤夢棿偺忋擑梼,2,揤夢棿偺寴妅,5,揤夢棿偺擑梼,2
嬥怓僲楿庤,0,1,7,1,7,99,65,128,2,1,3,-6,2,彔,1,杮婥,2,摤嵃,2,僗僞儈僫,-2,,,嬥巶巕偺愲妏,1,嬥巶巕偺怟旜,2,梼幹棾偺忋旂,2,崠墛偺棿椮,2
崟巕僲楿庤,0,2,7,1,7,99,33,81,3,2,4,-5,3,憰揢懍搙,1,杮婥,2,摤嵃,2,僗僞儈僫,-2,,,嬥巶巕偺愲妏,1,嬥巶巕偺怟旜,2,梼幹棾偺忋旂,2,崠墛偺棿椮,2
搟揤僲楿庤,0,1,7,0,7,99,81,134,2,1,4,-7,2,彔,1,杮婥,4,摤嵃,3,僗僞儈僫,-2,,,嬥巶巕偺搟敮,2,嬥巶巕偺摤嵃,1,嬥巶巕偺怟旜,2,嬧壩棾偺忋椮,2
怱柵僲楿庤,0,2,7,0,7,99,41,83,3,2,5,-6,3,憰揢懍搙,1,杮婥,4,摤嵃,3,僗僞儈僫,-2,,,嬥巶巕偺搟敮,2,嬥巶巕偺摤嵃,1,嬥巶巕偺怟旜,2,嬧壩棾偺忋椮,2
僋僔儍僫僴僩僁乕,0,1,7,2,7,99,68,131,-2,2,-5,5,-6,懏惈夝曻,2,棴傔抁弅,2,懴弸,2,撆,-2,,,峾棿偺寴妅,5,峾棿偺愲捾,1,峾偺棿椮,3,屆棿崪,5
僋僔儍僫儅僇乕儞,0,2,7,2,7,99,34,81,-1,3,-4,6,-5,懏惈夝曻,2,棴傔抁弅,2,懴弸,2,撆,-2,,,峾棿偺寴妅,5,峾棿偺愲捾,1,峾偺棿椮,3,屆棿崪,5
僇僀僓乕傾乕儉,0,1,7,2,7,99,68,131,4,-6,1,-2,-2,嵶嬠妛,1,寱弍,1,彔,2,懴姦,-2,,,墛墹棿偺寴妅,6,墛棿偺愲捾,3,崠墛愇,2,屆棿偺寣,3
僇僀僓乕僈乕僪,0,2,7,2,7,99,34,81,5,-5,2,-1,-1,嵶嬠妛,1,憰揢懍搙,2,憰揢悢,1,懴姦,-2,,,墛墹棿偺寴妅,6,墛棿偺愲捾,3,崠墛愇,2,屆棿偺寣,3
巆梲丒攅亂楿庤亃,1,1,7,2,7,99,64,127,3,2,-4,3,-4,敳搧夛怱,2,晄摦,2,払恖,1,掙椡,-4,,,崑嶳棿偺忋峠椮,6,崑嶳棿偺忋榬峛,1,峳乆偟偄棿愲妏,2,桬婥偺徹俧,1
搶塤丒攅亂楿庤亃,1,2,7,2,7,99,32,80,4,3,-3,4,-3,憰揢懍搙,-4,懍幩,2,晄摦,2,娧捠抏嫮壔,2,,,崑嶳棿偺忋峠椮,6,崑嶳棿偺忋榬峛,1,峳乆偟偄棿愲妏,2,桬婥偺徹俧,1
忢斨丒攅亂楿庤亃,2,1,7,2,7,99,64,127,3,2,-4,3,-4,敳搧夛怱,2,晄摦,2,払恖,1,掙椡,-4,,,崑嶳棿偺忋峠椮,6,崑嶳棿偺忋榬峛,1,峳乆偟偄棿愲妏,2,桬婥偺徹俧,1
敧愮戙丒攅亂楿庤亃,2,2,7,2,7,99,32,80,4,3,-3,4,-3,憰揢懍搙,-4,懍幩,2,晄摦,2,娧捠抏嫮壔,2,,,崑嶳棿偺忋峠椮,6,崑嶳棿偺忋榬峛,1,峳乆偟偄棿愲妏,2,桬婥偺徹俧,1
儕儀儕僆儞傾乕儉,0,1,7,0,8,99,69,132,3,3,-2,-2,-3,搟,3,崉寕,1,峌寕,-4,,,,,幹墹棿偺旜椮,4,幹墹棿偺愵恘,3,揤寱偺棿嬍,1,嬧壩棾偺寴妅,8
儔僀僆僢僩僈乕僪,0,2,7,0,8,99,35,81,4,4,-1,-1,-2,搟,3,崉寕,1,峌寕,-4,,,,,幹墹棿偺旜椮,4,幹墹棿偺愵恘,3,揤寱偺棿嬍,1,嬧壩棾偺寴妅,8
傾僇儉僩僒僋儞儁,0,1,7,1,7,99,65,128,4,0,-3,2,-5,彔,2,払恖,1,挳妎曐岇,1,巃傟枴,-2,,,攅棾偺崉捾,5,攅棾偺忋椮,4,攅棾偺曮嬍,1,奪棾偺墑悜,2
傾僇儉僩僲僉儕儁,0,2,7,1,7,99,33,81,5,1,-2,3,-4,憰揢懍搙,-2,払恖,1,挳妎曐岇,1,憰揢悢,2,,,攅棾偺崉捾,5,攅棾偺忋椮,4,攅棾偺曮嬍,1,奪棾偺墑悜,2
僔儖僶乕僜儖傾乕儉,0,1,7,2,7,10,81,134,2,-7,-4,0,4,捝寕,2,巃傟枴,1,壩懏惈峌寕,4,夞暅検,-3,,,嬧壩棾偺怟旜,1,壩棾偺墑悜,2,壩棾偺梼捾,4,崠墛愇,3
僔儖僶乕僜儖僈乕僪,0,2,7,2,7,10,41,83,3,-6,-3,1,5,捝寕,2,娧捠抏嫮壔,1,壩懏惈峌寕,4,夞暅検,-3,,,嬧壩棾偺怟旜,1,壩棾偺墑悜,2,壩棾偺梼捾,4,崠墛愇,3
僑乕儖僪儖僫傾乕儉,0,1,7,1,7,10,81,134,2,-4,-7,0,4,塣婥,4,廳寕,4,棆懴惈,-2,壛岇,2,,,嬥壩棾偺寴妅,5,壩棾偺梼捾,4,帗壩棾偺峠嬍,1,崠墛愇,4
僑乕儖僪儖僫僈乕僪,0,2,7,1,7,10,41,83,3,-3,-6,1,5,塣婥,4,廳寕,4,棆懴惈,-2,壛岇,2,,,嬥壩棾偺寴妅,5,壩棾偺梼捾,4,帗壩棾偺峠嬍,1,崠墛愇,4
僌儕乕僪傾乕儉,0,1,7,0,7,10,64,127,-1,-1,-3,-1,-1,峌寕,3,巃傟枴,4,怘帠,2,暊尭傝,-2,,,僪僗崟偄寣,4,嫲朶棾偺崟椮,6,嫲朶棾偺曮嬍,1,屆棿偺寣,2
僌儕乕僪僈乕僪,0,2,7,0,7,10,32,80,0,0,-2,0,0,斀摦,4,峌寕,3,怘帠,3,暊尭傝,-2,,,僪僗崟偄寣,4,嫲朶棾偺崟椮,6,嫲朶棾偺曮嬍,1,屆棿偺寣,2
僄僋僗僛儘傾乕儉,0,1,7,1,8,99,81,134,3,-5,2,-3,1,峌寕,5,尋偓巘,-2,怘帠,4,,,,,戝崒棾偺塻夊,3,戝崒棾偺忋椮,6,戝崒棾偺怟旜,2,峾棿偺曮嬍,1
僄僋僗僛儘僈乕僪,0,2,7,1,8,99,41,83,4,-4,3,-2,2,斀摦,-2,峌寕,5,怘帠,4,,,,,戝崒棾偺塻夊,3,戝崒棾偺忋椮,6,戝崒棾偺怟旜,2,峾棿偺曮嬍,1
僪儔僑儞僋儘僂,0,1,7,1,8,99,84,136,-3,2,2,-1,-6,捝寕,3,払恖,-2,巃傟枴,3,,,,,崟棿偺妏,2,崟棿偺峛妅,2,崟棿偺梼枌,3,帗壩棾偺峠嬍,1
僪儔僑儞僼傿僗僩,0,2,7,1,8,99,42,83,-2,3,3,0,-5,捝寕,3,払恖,-2,娧捠抏嫮壔,3,,,,,崟棿偺妏,2,崟棿偺峛妅,2,崟棿偺梼枌,3,帗壩棾偺峠嬍,1
儈儔僶儖僋儘僂,0,1,7,1,8,10,86,138,2,-1,1,-3,-7,搧彔,1,搟,2,杊屼,-3,巃傟枴,2,,,崟棿偺峠妏,2,崟棿偺峠妅,4,崟棿偺峠梼,3,嵱棾偺曮嬍,1
儈儔僶儖僼傿僗僩,0,2,7,1,8,10,43,84,3,0,2,-2,-6,幩庤,1,搟,2,杊屼,-3,捠忢抏嫮壔,2,,,崟棿偺峠妏,2,崟棿偺峠妅,4,崟棿偺峠梼,3,嵱棾偺曮嬍,1
僉儕儞倀傾乕儉,0,1,7,1,8,10,65,128,-3,-3,-1,6,3,懏惈懴惈,1,塣婥,-3,昘懏惈峌寕,4,懏惈峌寕,3,,,僉儕儞偺憵旜,4,僉儕儞偺忋旂,4,屆棿偺寣,3,崟楾捁偺怟旜,3
僉儕儞倀僌儘乕僽,0,2,7,1,8,10,33,81,-2,-2,0,7,4,懏惈懴惈,1,塣婥,-3,昘懏惈峌寕,4,懏惈峌寕,3,,,僉儕儞偺憵旜,4,僉儕儞偺忋旂,4,屆棿偺寣,3,崟楾捁偺怟旜,3
僂僇儉儖僒僋儞儁,0,1,7,0,8,99,67,130,-5,0,-3,4,-2,搧彔,3,払恖,-3,掙椡,1,懴揇懴愥,1,,,曵棾偺寴妅,5,曵棾偺曮嬍,1,鈗傟偨棾椮,6,,
僂僇儉儖僲僉儕儁,0,2,7,0,8,99,34,81,-4,1,-2,5,-1,幩庤,3,払恖,-3,掙椡,1,懴揇懴愥,1,,,曵棾偺寴妅,5,曵棾偺曮嬍,1,鈗傟偨棾椮,6,,
嬥崉亂楿庤亃,0,1,7,1,8,99,82,136,-2,3,2,2,-2,塣婥,2,僈乕僪惈擻,3,壩懴惈,-2,懴恔,2,,,嵲奍偺珲,1,峾偺棿椮,2,儅儗僐僈僱,3,,
晄摦亂楿庤亃,0,2,7,1,8,99,41,83,0,5,3,3,-1,斀摦,3,塣婥,2,壩懴惈,-2,懴恔,2,,,嵲奍偺珲,1,峾偺棿椮,2,儅儗僐僈僱,3,,
栭嵆亂屼庤亃,0,1,7,1,8,99,68,131,2,2,0,-2,-2,寱弍,2,懏惈懴惈,3,掙椡,-2,壛岇,2,,,晜妜棿偺懱塼,2,恄棿栘,1,僲償傽僋儕僗僞儖,3,,
廋梾亂屼庤亃,0,2,7,1,8,99,34,81,3,4,2,-1,-1,懏惈懴惈,3,掙椡,-2,憰揢悢,2,壛岇,2,,,晜妜棿偺懱塼,2,恄棿栘,1,僲償傽僋儕僗僞儖,3,,
僄儞僾儗僗傾乕儉,0,1,7,2,6,99,68,131,4,-2,1,-6,-2,懏惈夝曻,2,払恖,1,僈乕僪惈擻,3,懴姦,-2,,,墛斳棿偺寴妅,3,墛斳棿偺偨偰偑傒,2,崟崒棾偺愲捾,4,崠墛愇,2
僄儞僾儗僗僈乕僪,0,2,7,2,6,99,34,81,5,-1,2,-5,-1,懏惈夝曻,2,払恖,1,僈乕僪嫮壔,3,懴姦,-2,,,墛斳棿偺寴妅,3,墛斳棿偺偨偰偑傒,2,崟崒棾偺愲捾,4,崠墛愇,2
儈僤僴亂戝懗亃,0,1,7,2,8,99,69,132,-4,3,0,4,-1,彔,1,挳妎曐岇,2,晽埑,4,懴弸,-2,,,夃棿偺忋旂,3,傾儖價僲偺憵崀傝,1,屆棿崪,6,婓朷偺徹,2
僩儓僞儅亂戝懗亃,0,2,7,2,8,99,35,81,-3,4,1,5,0,挳妎曐岇,2,憰揢悢,1,晽埑,4,懴弸,-2,,,夃棿偺忋旂,3,傾儖價僲偺憵崀傝,1,屆棿崪,6,婓朷偺徹,2
僿儕僆僗傾乕儉,1,1,7,0,8,99,84,136,0,3,-2,1,-5,挳妎曐岇,1,廳寕,3,悈懏惈峌寕,2,壛岇,-2,,,戝奀棿偺峛旂,2,榩嬋偟偨棿妏,1,峣幹棾偺墑悜,2,,
僿儕僆僗僈乕僪,1,2,7,0,8,99,42,83,1,4,-1,2,-4,挳妎曐岇,3,廳寕,3,悈懏惈峌寕,2,壛岇,-2,,,戝奀棿偺峛旂,2,榩嬋偟偨棿妏,1,峣幹棾偺墑悜,2,,
僙儗僱傾乕儉,2,1,7,0,8,99,84,136,0,3,-2,1,-5,挳妎曐岇,1,廳寕,3,悈懏惈峌寕,2,壛岇,-2,,,戝奀棿偺峛旂,2,榩嬋偟偨棿妏,1,峣幹棾偺墑悜,2,,
僙儗僱僈乕僪,2,2,7,0,8,99,42,83,1,4,-1,2,-4,挳妎曐岇,3,廳寕,3,悈懏惈峌寕,2,壛岇,-2,,,戝奀棿偺峛旂,2,榩嬋偟偨棿妏,1,峣幹棾偺墑悜,2,,
僄僗僇僪儔傾儉僘,0,1,7,0,8,99,86,138,-3,-2,3,3,-2,杮婥,3,懏惈懴惈,1,夞旔嫍棧,1,懏惈峌寕,3,婥愨,-2,鄪崟棿偺媡椮,2,鄪崟棿偺梼枌,2,崟怚棾偺埮嬍,1,,
僄僗僇僪儔傾儖儅,0,2,7,0,8,99,43,84,-2,-1,4,4,-1,杮婥,3,懏惈懴惈,1,夞旔嫍棧,1,懏惈峌寕,3,婥愨,-2,鄪崟棿偺媡椮,2,鄪崟棿偺梼枌,2,崟怚棾偺埮嬍,1,,
EX儗僀傾傾乕儉,0,1,7,1,8,10,50,121,3,0,-2,0,-4,婃嫮,1,彔,3,掙椡,3,夞暅検,2,婥椡夞暅,-2,婓朷偺徹,1,帗壩棾偺寴妅,5,壩棾偺梼捾,5,崠墛愇,3
EX儗僀傾僈乕僪,0,2,7,1,8,10,25,79,4,1,-1,1,-3,婃嫮,1,掙椡,3,憰揢悢,3,夞暅検,2,婥椡夞暅,-2,婓朷偺徹,1,帗壩棾偺寴妅,5,壩棾偺梼捾,5,崠墛愇,3
EX儗僂僗傾乕儉,0,1,7,0,8,10,57,126,3,0,-2,0,-4,崉寕,2,彔,3,婥椡夞暅,-3,庪恖,4,,,婓朷偺徹,1,壩棾偺忋椮,4,壩棾偺梼捾,5,峠楡愇,3
EX儗僂僗僈乕僪,0,2,7,0,8,10,28,80,4,1,-1,1,-3,崉寕,2,憰揢悢,3,婥椡夞暅,-3,庪恖,4,,,婓朷偺徹,1,壩棾偺忋椮,4,壩棾偺梼捾,5,峠楡愇,3
EX僋僔儍僫僴僩僁乕,0,1,7,2,8,99,82,136,-3,3,-6,6,-7,棴傔抁弅,2,懴弸,2,撆,-2,,,,,峾棿僠働僢僩,2,峾棿偺寴妅,6,嬧壩棾偺怟旜,3,屆棿崪,3
EX僋僔儍僫儅僇乕儞,0,2,7,2,8,99,41,83,-2,4,-5,7,-6,棴傔抁弅,2,懴弸,2,撆,-2,,,,,峾棿僠働僢僩,2,峾棿偺寴妅,6,嬧壩棾偺怟旜,3,屆棿崪,3
EX僇僀僓乕傾乕儉,0,1,7,0,8,99,82,136,5,-7,2,-2,-4,懏惈夝曻,1,払恖,5,懴姦,-3,,,,,墛墹棿僠働僢僩,2,墛墹棿偺愲妏,3,幹墹棿偺寱椮,3,屆棿崪,3
EX僇僀僓乕僈乕僪,0,2,7,0,8,99,41,83,6,-6,3,-1,-3,懏惈夝曻,1,払恖,5,懴姦,-3,,,,,墛墹棿僠働僢僩,2,墛墹棿偺愲妏,3,幹墹棿偺寱椮,3,屆棿崪,3
EX儗僢僋僗傾乕儉,0,1,7,2,8,99,82,136,3,-1,-5,0,-3,彔,2,挳妎曐岇,2,尋偓巘,-2,怘偄偟傫朧,2,,,扵媮幰偺徹,2,崒棾偺忋椮,6,攅棾偺寴妅,6,崠墛愇,3
EX儗僢僋僗僈乕僪,0,2,7,2,8,99,41,83,4,0,-4,1,-2,斀摦,-2,挳妎曐岇,2,憰揢悢,2,怘偄偟傫朧,2,,,扵媮幰偺徹,2,崒棾偺忋椮,6,攅棾偺寴妅,6,崠墛愇,3
戝榓亂楿庤亃,1,1,7,2,8,99,67,130,3,1,0,-4,-4,杊屼,2,払恖,2,掙椡,-2,棴傔抁弅,2,,,婓朷偺徹,1,崑嶳棿偺忋峠椮,6,崑嶳棿偺忋榬峛,1,戝抧偺棿嬍,1
棨墱亂楿庤亃,1,2,7,2,8,99,34,81,4,2,1,-3,-3,憰揢懍搙,-2,斀摦,3,杊屼,2,娧捠抏嫮壔,2,,,婓朷偺徹,1,崑嶳棿偺忋峠椮,6,崑嶳棿偺忋榬峛,1,戝抧偺棿嬍,1
擔岦亂楿庤亃,2,1,7,2,8,99,67,130,3,1,0,-4,-4,杊屼,2,払恖,2,掙椡,-2,棴傔抁弅,2,,,婓朷偺徹,1,崑嶳棿偺忋峠椮,6,崑嶳棿偺忋榬峛,1,戝抧偺棿嬍,1
揤忛亂楿庤亃,2,2,7,2,8,99,34,81,4,2,1,-3,-3,憰揢懍搙,-2,斀摦,3,杊屼,2,娧捠抏嫮壔,2,,,婓朷偺徹,1,崑嶳棿偺忋峠椮,6,崑嶳棿偺忋榬峛,1,戝抧偺棿嬍,1
擡偺楿庤丒揤,0,1,7,2,8,10,81,134,2,-6,4,-3,2,杊屼,-2,夞旔惈擻,2,懏惈峌寕,2,,,,,婓朷偺徹俧,1,桬婥偺徹俧,1,僲償傽僋儕僗僞儖,3,戝崒棾偺忋椮,5
擡偺楿庤丒抧,0,2,7,2,8,10,41,83,3,-5,5,-2,3,杊屼,-2,夞旔惈擻,2,懏惈峌寕,2,,,,,婓朷偺徹俧,1,桬婥偺徹俧,1,僲償傽僋儕僗僞儖,3,戝崒棾偺忋椮,5
僽儖乕僗僞乕傾乕儉,0,1,7,1,1,99,26,116,1,1,1,1,1,摤嵃,3,悈懏惈峌寕,3,嵮攝,3,,,,,僗僞僕僆僷僗,1,僊儖僪僠働僢僩,3,壩棾偺梼捾,6,壩棾偺椮,4
僽儖乕僗僞乕僇僼僗,0,2,7,1,1,99,13,72,2,2,2,2,2,摤嵃,3,悈懏惈峌寕,3,嵮攝,3,,,,,僗僞僕僆僷僗,1,僊儖僪僠働僢僩,3,壩棾偺梼捾,6,壩棾偺椮,4
僉儍僾僥儞俰僌儔僽,0,1,7,0,4,99,26,105,-3,-3,-3,-3,-3,攳偓庢傝,3,塣婥,2,曔妉,2,壛岇,-3,,,奀懐俰僠働僢僩,1,崠楾棾偺愲捾,5,怚棿宄,1,僊儖僪僠働僢僩俽,3
僉儍僾僥儞俰僇僼僗,0,2,7,0,4,99,13,65,-2,-2,-2,-2,-2,攳偓庢傝,2,塣婥,2,曔妉,2,壛岇,-3,,,奀懐俰僠働僢僩,1,崠楾棾偺愲捾,5,怚棿宄,1,僊儖僪僠働僢僩俽,3
揱愢俰僌儔僽,0,1,7,0,8,99,44,105,-4,-4,-4,-4,-4,摲宯摑攞壛,1,,,,,,,,,揱愢俰偺奀懐朮,1,崠墛偺棿椮,5,墛墹棿偺愲妏,2,墛棿偺恛暡,2
揱愢俰僇僼僗,0,2,7,0,8,99,22,65,-3,-3,-3,-3,-3,摲宯摑攞壛,1,,,,,,,,,揱愢俰偺奀懐朮,1,崠墛偺棿椮,5,墛墹棿偺愲妏,2,墛棿偺恛暡,2
儐僯僋儘僂僅僢僠,0,1,7,2,4,99,44,118,-3,1,0,4,0,挳妎曐岇,2,夞旔嫍棧,3,怘帠,-2,懴姦,2,,,儐僯僋儘僠働僢僩,1,崟崒棾偺忋椮,2,崒棾偺愲捾,1,棾嬍,1
儐僯僋儘僋儘僢僋,0,2,7,2,4,99,22,73,-2,2,1,5,1,挳妎曐岇,2,夞旔嫍棧,3,怘帠,-2,懴姦,2,,,儐僯僋儘僠働僢僩,1,崟崒棾偺忋椮,2,崒棾偺愲捾,1,棾嬍,1
僗僞乕儖乕僋傾乕儉,0,1,7,3,4,99,52,120,0,0,0,0,0,寜暼,2,摤嵃,2,忔傝,1,,,,,僗僞僕僆俧僷僗,1,嬥壩棾偺寴妅,2,憮壩棾偺梼,3,僊儖僪僠働僢僩俽,3
僗僞乕儖乕僋僈乕僪,0,2,7,3,4,99,26,73,1,1,1,1,1,寜暼,2,摤嵃,2,忔傝,1,,,,,僗僞僕僆俧僷僗,1,嬥壩棾偺寴妅,2,憮壩棾偺梼,3,僊儖僪僠働僢僩俽,3
僝僨傿傾僗傾乕儉,0,1,7,0,5,99,52,122,1,1,1,1,1,摲宯摑攞壛,1,,,,,,,,,柣揤偺惎偔偢,2,峾棿偺寴妅,2,梼幹棾偺忋旂,3,峾偺棿椮,4
僝僨傿傾僗僈乕僪,0,2,7,0,5,99,26,73,2,2,2,2,2,摲宯摑攞壛,1,,,,,,,,,柣揤偺惎偔偢,2,峾棿偺寴妅,2,梼幹棾偺忋旂,3,峾偺棿椮,4
桬幰偺榬摉偰,0,1,7,1,4,99,52,122,2,2,2,2,2,懏惈夝曻,3,攳偓庢傝,2,塣婥,1,婥傑偖傟,-4,,,僩儔僀僼僅乕僗,1,嬥巶巕偺崟栄,4,僊儖僪僠働僢僩俽,2,棆楾棾偺暽嬍,1
桬幰偺庤戃,0,2,7,1,4,99,26,73,3,3,3,3,3,懏惈夝曻,3,攳偓庢傝,2,塣婥,1,婥傑偖傟,-4,,,僩儔僀僼僅乕僗,1,嬥巶巕偺崟栄,4,僊儖僪僠働僢僩俽,2,棆楾棾偺暽嬍,1
EX僉儕儞倀傾乕儉,0,1,7,2,7,99,1,134,0,0,1,6,3,忬懺懴惈,2,懏惈夝曻,3,塣婥,-3,懏惈峌寕,2,,,尪廱僠働僢僩,1,僉儕儞偺忋旂,2,棫攈側僋僠僶僔,2,僊儖僪僠働僢僩俧,2
EX僉儕儞倀僌儘乕僽,0,2,7,2,7,99,1,72,1,1,2,7,4,忬懺懴惈,2,懏惈夝曻,3,塣婥,-3,懏惈峌寕,2,,,尪廱僠働僢僩,1,僉儕儞偺忋旂,2,棫攈側僋僠僶僔,2,僊儖僪僠働僢僩俧,2
EX僀儞僑僢僩傾乕儉,0,1,7,1,5,99,41,116,-2,-2,2,0,0,朇弍,3,僈乕僪嫮壔,3,擺搧,3,婥傑偖傟,-3,,,幹偲奮僠働僢僩,1,僼儖僋儔僀僩峼愇,14,婼奮偺寴妅,5,僊儖僪僠働僢僩俽,2
EX僀儞僑僢僩僈乕僪,0,2,7,1,5,99,21,78,-1,-1,3,1,1,斀摦,3,朇弍,3,嶶抏嫮壔,2,婥傑偖傟,-3,,,幹偲奮僠働僢僩,1,僼儖僋儔僀僩峼愇,14,婼奮偺寴妅,5,僊儖僪僠働僢僩俽,2
EX傾乕僥傿傾傾乕儉,0,1,7,1,8,99,52,123,0,-3,-3,2,3,彔,2,敳搧夛怱,2,尋偓巘,-4,婥椡夞暅,4,,,嬥巶巕僠働僢僩,1,懢屆偺攋曅,4,僼儖僋儔僀僩峼愇,8,僊儖僪僠働僢僩俧,1
EX傾乕僥傿傾僈乕僪,0,2,7,1,8,99,26,79,1,-2,-2,3,4,懏惈夝曻,2,憰揢懍搙,-4,憰揢悢,2,惛枾幩寕,4,,,嬥巶巕僠働僢僩,1,懢屆偺攋曅,4,僼儖僋儔僀僩峼愇,8,僊儖僪僠働僢僩俧,1
EX僑傾傾乕儉,0,1,7,0,8,99,58,125,-5,3,-3,2,-2,嵶嬠妛,3,彔,3,摤嵃,4,壩懴惈,-4,,,崟怚棾僠働僢僩,1,崟怚棾偺忋埫梼,6,揤夢棿偺寴妅,4,僊儖僪僠働僢僩俧,1
EX僑傾僈乕僪,0,2,7,0,8,99,29,80,-4,4,-2,3,-1,嵶嬠妛,3,摤嵃,4,憰揢悢,3,壩懴惈,-4,,,崟怚棾僠働僢僩,1,崟怚棾偺忋埫梼,6,揤夢棿偺寴妅,4,僊儖僪僠働僢僩俧,1
EX儕儀儕僆儞傾乕儉,0,1,7,0,8,99,81,134,3,3,-2,-2,-3,搧彔,2,搟,2,峌寕,-2,嫸寕懴惈,1,,,幹墹棿僠働僢僩,1,幹墹棿偺愵恘,4,揤寱偺棿嬍,2,嫢惎偺攋曅,2
EX儔僀僆僢僩僈乕僪,0,2,7,0,8,99,41,83,4,4,-1,-1,-2,幩庤,2,搟,2,峌寕,-2,嫸寕懴惈,1,,,幹墹棿僠働僢僩,1,幹墹棿偺愵恘,4,揤寱偺棿嬍,2,嫢惎偺攋曅,2
抍挿偺榬椫,0,0,6,1,7,99,31,80,2,2,2,2,2,峀堟,5,巜婗,3,,,,,,,仸壓埵懞僋僄惂攅,1,,,,,,
僷僥傿僔僄儅儞僔僃,0,1,7,2,4,99,58,125,4,2,2,2,-5,岠壥帩懕,3,壩懏惈峌寕,2,怘梸,2,,,,,儐僋儌僠働僢僩,1,愮恘棾偺愲梼捾,2,恀庫怓偺廮旂,2,崅媺偍怘帠寯,1
僷僥傿僔僄儈僩儞,0,2,7,2,4,99,29,80,5,3,3,3,-4,岠壥帩懕,3,壩懏惈峌寕,2,怘梸,2,,,,,儐僋儌僠働僢僩,1,愮恘棾偺愲梼捾,2,恀庫怓偺廮旂,2,崅媺偍怘帠寯,1
僋儞僠儏僂倃傾乕儉,0,1,8,2,9,99,72,129,3,3,3,3,3,杊屼,10,棆懴惈,-2,,,,,,,弬拵偺廳妅,5,弬拵偺寴妅,4,儌儞僗僞乕偺摿擹,2,峜掗僶僢僞,1
僋儞僠儏僂倃僈乕僪,0,2,8,2,9,99,38,84,4,4,4,4,4,杊屼,10,棆懴惈,-2,,,,,,,弬拵偺廳妅,5,弬拵偺寴妅,4,儌儞僗僞乕偺摿擹,2,峜掗僶僢僞,1
僽僫僴倃僌儘乕僽,0,1,8,0,9,99,72,129,-5,-1,2,-1,3,峌寕,-2,摿庩峌寕,4,擺搧,3,杻醿,1,,,旘峛拵偺巃塇,2,旘峛拵偺寴妅,3,廳岤側夊,2,儌儞僗僞乕偺擹廯,3
僽僫僴倃僇僼僗,0,2,8,0,9,99,38,84,-4,0,3,0,4,峌寕,-2,摿庩峌寕,4,擺搧,3,杻醿,1,,,旘峛拵偺巃塇,2,旘峛拵偺寴妅,3,廳岤側夊,2,儌儞僗僞乕偺擹廯,3
儕僲僾儘倃傾乕儉,0,1,8,2,9,99,70,127,2,-1,-1,-1,1,朇弍,4,KO,2,婥愨,-1,懴揇懴愥,3,,,憪怘棾偺廳崪,3,寴棾崪,4,戝抧偺寢徎,3,,
儕僲僾儘倃僈乕僪,0,2,8,2,9,99,36,82,3,0,0,0,2,朇弍,3,KO,2,婥愨,-1,懴揇懴愥,1,,,憪怘棾偺廳崪,3,寴棾崪,4,戝抧偺寢徎,3,,
僀乕僆僗倃傾乕儉,0,1,8,2,9,99,80,135,0,-4,-4,3,3,懏惈夝曻,2,摿庩峌寕,5,撆,1,婥愨,-2,,,僀乕僆僗偺岤旂,2,僀乕僆僗偺忋椮,2,崠墛愇,1,嫮恱側捁棾旂,3
僀乕僆僗倃僈乕僪,0,2,8,2,9,99,43,88,1,-3,-3,4,4,懏惈夝曻,2,摿庩峌寕,5,撆,1,婥愨,-2,,,僀乕僆僗偺岤旂,2,僀乕僆僗偺忋椮,2,崠墛愇,1,嫮恱側捁棾旂,3
僈儗僆僗倃傾乕儉,0,1,8,1,9,99,74,131,3,0,-2,-3,1,杊屼,3,愮棦娽,2,懴弸,1,暊尭傝,3,婥愨,-1,嵒棾偺岤椮,5,嵒棾偺巼椮,1,嵒棾偺摿忋僸儗,2,僇僽儗儔僀僩峼愇,5
僈儗僆僗倃僈乕僪,0,2,8,1,9,99,40,86,4,1,-1,-2,2,杊屼,3,愮棦娽,2,懴弸,1,暊尭傝,3,婥愨,-1,嵒棾偺岤椮,5,嵒棾偺巼椮,1,嵒棾偺摿忋僸儗,2,僇僽儗儔僀僩峼愇,5
僂儖僋倃傾乕儉,0,1,8,1,9,99,80,135,-3,2,-1,2,2,夞旔嫍棧,2,擺搧,3,岠壥帩懕,4,懴弸,-2,懴姦,3,敀揺廱偺崑崉栄,3,敀揺廱偺搥捾,3,敀揺廱偺寴暊峛,3,擏岤側岤旂,2
僂儖僋倃僈乕僪,0,2,8,1,9,99,43,88,-2,3,0,3,3,夞旔嫍棧,2,擺搧,3,岠壥帩懕,3,懴弸,-2,懴姦,3,敀揺廱偺崑崉栄,3,敀揺廱偺搥捾,3,敀揺廱偺寴暊峛,3,擏岤側岤旂,2
働僠儍倃傾乕儉,0,1,8,1,9,99,74,131,-5,3,-3,0,3,彔,2,塣婥,-3,悈懏惈峌寕,3,懱弍,3,婥傑偖傟,2,婏墡屜偺崑崉栄,3,婏墡屜偺崉珀捾,1,婏墡屜偺廳挿崪,3,弬拵偺廳妅,2
働僠儍倃僈乕僪,0,2,8,1,9,99,40,86,-4,4,-2,1,4,塣婥,-3,憰揢悢,2,悈懏惈峌寕,3,懱弍,3,婥傑偖傟,2,婏墡屜偺崑崉栄,3,婏墡屜偺崉珀捾,1,婏墡屜偺廳挿崪,3,弬拵偺廳妅,2
働僠儍倅傾乕儉,0,1,8,0,9,99,76,133,3,-5,-2,-3,3,懳杊屼DOWN,1,壩懏惈峌寕,2,悈懴惈,-3,懱弍,5,,,敀墡屜偺崑崉栄,3,敀墡屜偺崉珀捾,1,敀墡屜偺廳挿崪,3,弬拵偺廳妅,2
働僠儍倅僈乕僪,0,2,8,0,9,99,41,87,4,-4,-1,-2,4,懳杊屼DOWN,1,壩懏惈峌寕,1,悈懴惈,-3,懱弍,5,,,敀墡屜偺崑崉栄,3,敀墡屜偺崉珀捾,1,敀墡屜偺廳挿崪,3,弬拵偺廳妅,2
僐儞僈倃傾乕儉,0,1,8,1,9,99,74,131,-4,1,1,-1,3,嵶嬠妛,2,摿庩峌寕,3,怘偄偟傫朧,3,暊尭傝,-3,戼怘,1,搷栄廱偺崑崉栄,2,塻棙側捾,4,僐儞僈偺崉栄,4,峜掗僶僢僞,2
僐儞僈倃僈乕僪,0,2,8,1,9,99,40,86,-3,2,2,0,4,嵶嬠妛,2,摿庩峌寕,3,怘偄偟傫朧,2,暊尭傝,-3,戼怘,1,搷栄廱偺崑崉栄,2,塻棙側捾,4,僐儞僈偺崉栄,4,峜掗僶僢僞,2
僐儞僈倅傾乕儉,0,1,8,1,9,99,76,133,1,0,0,-4,3,捝寕,3,掙椡,3,敋抏嫮壔,2,暊尭傝,-1,戼怘,2,椢栄廱偺崑崉栄,2,椢栄廱偺崉捾,3,僐儞僈偺崉栄,4,塻棙側捾,4
僐儞僈倅僈乕僪,0,2,8,1,9,99,41,87,2,1,1,-3,4,捝寕,3,掙椡,3,敋抏嫮壔,2,暊尭傝,-1,戼怘,2,椢栄廱偺崑崉栄,2,椢栄廱偺崉捾,3,僐儞僈偺崉栄,4,塻棙側捾,4
僎儕儑僗倃傾乕儉,0,1,8,2,9,99,75,132,-5,2,3,-2,0,懏惈夝曻,2,払恖,2,暊尭傝,-2,撆,2,,,僑儉幙偺摿忋旂,4,儌儞僗僞乕偺摿擹,2,僲償傽僋儕僗僞儖,1,寴楽側捁棾崪,2
僎儕儑僗倃僈乕僪,0,2,8,2,9,99,40,86,-4,3,4,-1,1,懏惈夝曻,2,払恖,3,暊尭傝,-2,撆,2,,,僑儉幙偺摿忋旂,4,儌儞僗僞乕偺摿擹,2,僲償傽僋儕僗僞儖,1,寴楽側捁棾崪,2
僎儕儑僗倅傾乕儉,0,1,8,0,9,99,77,134,-5,2,3,-2,0,払恖,-1,婥椡夞暅,1,晽埑,5,婥愨,2,,,僑儉幙偺巼廮旂,3,撆夦捁偺巼崉梼,2,僲償傽僋儕僗僞儖,1,寑楏撆戃,2
僎儕儑僗倅僈乕僪,0,2,8,0,9,99,41,87,-4,3,4,-1,1,払恖,-1,婥椡夞暅,1,晽埑,5,婥愨,2,,,僑儉幙偺巼廮旂,3,撆夦捁偺巼崉梼,2,僲償傽僋儕僗僞儖,1,寑楏撆戃,2
僓僓儈倃傾乕儉,0,1,8,2,9,99,75,132,-3,3,-4,0,1,杊屼,2,僈乕僪惈擻,2,棆懴惈,-2,愡怘,1,,,弬奍偺崉捾,2,弬奍偺廳妅,2,塻棙側捾,3,僄儖僩儔僀僩峼愇,4
僓僓儈倃僈乕僪,0,2,8,2,9,99,40,86,-2,4,-3,1,2,杊屼,2,惛枾幩寕,2,棆懴惈,-2,愡怘,1,,,弬奍偺崉捾,2,弬奍偺廳妅,2,塻棙側捾,3,僄儖僩儔僀僩峼愇,4
僓僓儈倅傾乕儉,0,1,8,2,9,99,86,137,0,3,-2,-4,1,僈乕僪惈擻,1,僗僞儈僫,-3,崻惈,3,懱弍,1,,,弬奍偺巼捾,2,弬奍偺巼妅,4,寴楽側捁棾崪,3,僺儏傾僋儕僗僞儖,1
僓僓儈倅僈乕僪,0,2,8,2,9,99,46,89,1,6,-1,-2,2,斀摦,1,崻惈,3,憰揢悢,-3,娧捠抏嫮壔,1,,,弬奍偺巼捾,2,弬奍偺巼妅,4,寴楽側捁棾崪,3,僺儏傾僋儕僗僞儖,1
僇僽儔倃傾乕儉,0,1,8,2,9,99,78,135,3,-5,-4,0,2,杊屼,3,嵦庢,-2,懱椡,2,尋偓巘,2,尭婥峌寕,2,婼奮偺崉捾,2,婼奮偺廳妅,4,婼奮偺岤椮,2,峜掗僶僢僞,5
僇僽儔倃僈乕僪,0,2,8,2,9,99,42,88,4,-4,-3,1,3,憰揢懍搙,2,杊屼,3,嵦庢,-2,懱椡,2,尭婥峌寕,2,婼奮偺崉捾,2,婼奮偺廳妅,4,婼奮偺岤椮,2,峜掗僶僢僞,5
僇僽儔倅傾乕儉,0,1,8,1,9,99,80,137,3,0,-4,-5,2,挳妎曐岇,3,僈乕僪嫮壔,3,尋偓巘,-2,敋抏嫮壔,1,,,峳婼奮偺崉捾,2,峳婼奮偺廳妅,4,峳婼奮偺岤椮,2,峜掗僶僢僞,5
僇僽儔倅僈乕僪,0,2,8,1,9,99,43,89,4,1,-3,-4,3,憰揢懍搙,-2,挳妎曐岇,3,僈乕僪嫮壔,3,敋抏嫮壔,1,,,峳婼奮偺崉捾,2,峳婼奮偺廳妅,4,峳婼奮偺岤椮,2,峜掗僶僢僞,5
僗僉儏儔倃傾乕儉,0,1,8,1,9,99,82,135,-3,3,-3,2,3,払恖,4,娤嶡娽,1,暊尭傝,-2,摿庩夛怱,3,,,塭抴鍋偺崉捾,4,塭抴鍋偺廳妅,2,廳岤側崪,1,弬拵偺廳妅,3
僗僉儏儔倃僈乕僪,0,2,8,1,9,99,44,88,-2,4,-2,3,4,払恖,4,娤嶡娽,1,暊尭傝,-2,摿庩夛怱,3,,,塭抴鍋偺崉捾,4,塭抴鍋偺廳妅,2,廳岤側崪,1,弬拵偺廳妅,3
僓儃傾倃傾乕儉,0,1,8,2,9,99,84,135,-4,3,-5,3,0,昘懏惈峌寕,4,怘帠,2,暊尭傝,-3,,,,,壔偗嶭偺岤旂,4,壔偗嶭偺岤椮,2,僇儚僘偺戝揳桘,1,擏岤側岤旂,2
僓儃傾倃僈乕僪,0,2,8,2,9,99,45,88,-3,4,-4,4,1,昘懏惈峌寕,4,怘帠,2,暊尭傝,-3,,,,,壔偗嶭偺岤旂,4,壔偗嶭偺岤椮,2,僇儚僘偺戝揳桘,1,擏岤側岤旂,2
僓儃傾倅傾乕儉,0,1,8,2,9,99,86,137,2,3,-4,-5,0,懏惈夝曻,2,婥椡夞暅,1,夞暅懍搙,2,懴恔,3,楐彎,-2,屨嶭偺岤旂,4,屨嶭偺岤椮,2,僇儚僘偺戝揳桘,3,擏岤側岤旂,2
僓儃傾倅僈乕僪,0,2,8,2,9,99,46,89,3,4,-3,-4,1,懏惈夝曻,2,婥椡夞暅,1,夞暅懍搙,2,懴恔,3,楐彎,-2,屨嶭偺岤旂,4,屨嶭偺岤椮,2,僇儚僘偺戝揳桘,3,擏岤側岤旂,2
僈儔儔倃傾乕儉,0,1,8,0,9,99,86,137,3,-3,0,-5,3,捝寕,3,曔妉,3,挳妎曐岇,4,婥傑偖傟,-3,杻醿,3,峣幹棾偺廳妅,5,峣幹棾偺寴妅,6,峣幹棾偺墑悜,2,寴楽側捁棾崪,3
僈儔儔倃僈乕僪,0,2,8,0,9,99,46,89,4,-2,1,-4,4,捝寕,3,曔妉,3,挳妎曐岇,3,婥傑偖傟,-3,杻醿,3,峣幹棾偺廳妅,5,峣幹棾偺寴妅,6,峣幹棾偺墑悜,2,寴楽側捁棾崪,3
僈儔儔倅傾乕儉,0,1,8,1,9,99,88,139,-5,3,-3,4,3,敳搧尭婥,2,尋偓巘,4,悈懏惈峌寕,5,婥椡夞暅,-2,,,悈幹棾偺廳妅,5,悈幹棾偺潧悈峛,4,悈幹棾偺岤旂,2,寴楽側捁棾崪,3
僈儔儔倅僈乕僪,0,2,8,1,9,99,47,90,-4,4,-2,5,4,憰揢懍搙,4,懍幩,2,悈懏惈峌寕,5,婥椡夞暅,-2,,,悈幹棾偺廳妅,5,悈幹棾偺潧悈峛,4,悈幹棾偺岤旂,2,寴楽側捁棾崪,3
僼儖僼儖倃傾乕儉,0,1,8,1,9,99,84,135,-5,1,1,2,1,棆懏惈峌寕,3,峀堟,4,夞暅懍搙,2,婥愨,-1,,,恀庫怓偺墣旂,2,僄儖僩儔僀僩峼愇,2,擏岤側岤旂,5,寴棾崪,2
僼儖僼儖倃僈乕僪,0,2,8,1,9,99,45,88,-4,2,2,3,2,棆懏惈峌寕,3,峀堟,4,夞暅懍搙,2,婥愨,-1,,,恀庫怓偺墣旂,2,僄儖僩儔僀僩峼愇,2,擏岤側岤旂,5,寴棾崪,2
僼儖僼儖倅傾乕儉,0,1,8,2,9,99,86,137,1,-5,1,2,1,堦怱,2,夞暅検,1,峀堟,3,夞暅懍搙,-2,愡怘,1,枺榝怓偺墣旂,3,摿愶傾儖價僲,1,僄儖僩儔僀僩峼愇,2,僲償傽僋儕僗僞儖,2
僼儖僼儖倅僈乕僪,0,2,8,2,9,99,46,89,2,-4,2,3,2,堦怱,2,夞暅検,1,峀堟,3,夞暅懍搙,-2,愡怘,1,枺榝怓偺墣旂,3,摿愶傾儖價僲,1,僄儖僩儔僀僩峼愇,2,僲償傽僋儕僗僞儖,2
儗僀傾倃傾乕儉,0,1,8,1,9,99,84,135,3,0,-2,0,-4,懱椡,3,壩懏惈峌寕,6,夞暅検,2,夞暅懍搙,-1,,,帗壩棾偺廳妅,4,壩棾偺崉梼捾,3,帗壩棾偺忋灆,2,崠墛愇,3
儗僀傾倃僈乕僪,0,2,8,1,9,99,45,88,4,1,-1,1,-3,懱椡,3,壩懏惈峌寕,6,夞暅検,1,夞暅懍搙,-1,,,帗壩棾偺廳妅,4,壩棾偺崉梼捾,3,帗壩棾偺忋灆,2,崠墛愇,3
儕僆僴乕僩倅傾乕儉,0,1,8,1,9,99,86,137,3,0,-2,0,-4,掙椡,1,夞旔嫍棧,3,壩懏惈峌寕,5,晽埑,2,婥攝,-1,嶗壩棾偺廳妅,2,嶗壩棾偺岤椮,4,廳棾崪,3,帗壩棾偺峠嬍,1
儕僆僴乕僩倅僈乕僪,0,2,8,1,9,99,46,89,4,1,-1,1,-3,掙椡,1,夞旔嫍棧,3,壩懏惈峌寕,5,晽埑,2,婥攝,-1,嶗壩棾偺廳妅,2,嶗壩棾偺岤椮,4,廳棾崪,3,帗壩棾偺峠嬍,1
儔儞億僗倃傾乕儉,0,1,8,2,9,99,74,131,0,0,0,-5,3,峌寕,4,愮棦娽,2,杻醿,-1,婥愨,1,,,儔儞億僗偺崉捾,2,柭偒戃,4,寴楽側捁棾崪,4,惎愇偺寢徎,2
儔儞億僗倃僈乕僪,0,2,8,2,9,99,40,86,1,1,1,-4,4,峌寕,4,愮棦娽,2,杻醿,-1,婥愨,1,,,儔儞億僗偺崉捾,2,柭偒戃,4,寴楽側捁棾崪,4,惎愇偺寢徎,2
僋僢僋倃傾乕儉,0,1,8,2,9,99,74,131,3,0,-2,-4,2,峌寕,4,壩懴惈,1,悈懴惈,-3,擏怘,2,,,夦捁偺岤椮,3,夦捁偺廳妅,2,夦捁偺崉梼,2,,
僋僢僋倃僈乕僪,0,2,8,2,9,99,40,86,4,1,-1,-3,3,峌寕,4,壩懴惈,1,悈懴惈,-3,擏怘,2,,,夦捁偺岤椮,3,夦捁偺廳妅,2,夦捁偺崉梼,2,,
僋僢僋倅傾乕儉,0,1,8,2,9,99,76,133,3,-4,-3,0,2,払恖,4,挳妎曐岇,-1,僗僞儈僫,2,壩懏惈峌寕,1,,,惵夦捁偺岤椮,3,惵夦捁偺廳妅,2,寴楽側捁棾崪,3,廳岤側崪,3
僋僢僋倅僈乕僪,0,2,8,2,9,99,41,87,4,-3,-2,1,3,払恖,4,挳妎曐岇,-1,僗僞儈僫,2,壩懏惈峌寕,1,,,惵夦捁偺岤椮,3,惵夦捁偺廳妅,2,寴楽側捁棾崪,3,廳岤側崪,3
僶僒儖倃傾乕儉,0,1,8,2,9,99,86,137,-1,-2,1,1,-3,敳搧尭婥,4,擺搧,3,怘帠,3,暊尭傝,-2,懴揇懴愥,1,娾棾偺廳妅,3,儐僯僆儞峼愇,5,寑楏撆戃,3,僄儖僩儔僀僩峼愇,6
僶僒儖倃僈乕僪,0,2,8,2,9,99,46,89,0,-1,2,2,-2,擺搧,3,尭婥峌寕,4,怘帠,3,暊尭傝,-2,懴揇懴愥,1,娾棾偺廳妅,3,儐僯僆儞峼愇,5,寑楏撆戃,3,僄儖僩儔僀僩峼愇,6
僶僒儖倅傾乕儉,0,1,8,2,9,99,88,139,0,-2,0,-3,1,僈乕僪惈擻,3,廳寕,3,懴弸,3,撆,2,杻醿,-2,搷娾棾偺廳妅,3,搷娾棾偺崉梼,1,寑楏撆戃,3,僄儖僩儔僀僩峼愇,5
僶僒儖倅僈乕僪,0,2,8,2,9,99,47,90,1,-1,1,-2,2,廳寕,3,捠忢抏嫮壔,2,懴弸,3,撆,2,杻醿,-2,搷娾棾偺廳妅,3,搷娾棾偺崉梼,1,寑楏撆戃,3,僄儖僩儔僀僩峼愇,5
儁僢僐倃傾乕儉,0,1,8,1,9,99,75,132,2,-1,0,-3,0,岠壥帩懕,4,娤嶡娽,3,峀堟,3,揓,1,,,嵤捁偺岤椮,1,揙峛拵偺巃塇,1,儔儞億僗偺崉捾,2,嬌忋偺栄旂,1
儁僢僐倃僈乕僪,0,2,8,1,9,99,40,86,3,0,1,-2,1,岠壥帩懕,4,娤嶡娽,3,峀堟,4,揓,1,,,嵤捁偺岤椮,1,揙峛拵偺巃塇,1,儔儞億僗偺崉捾,2,嬌忋偺栄旂,1
儃儘僗倃傾乕儉,0,1,8,1,9,99,85,136,-4,4,1,-2,0,峌寕,4,僈乕僪惈擻,2,僈乕僪嫮壔,1,懱弍,1,暊尭傝,-2,搚嵒棾偺廳妅,2,憪怘棾偺廳崪,3,寴棾崪,4,,
儃儘僗倃僈乕僪,0,2,8,1,9,99,45,88,-3,5,2,-1,1,峌寕,4,僈乕僪嫮壔,1,惛枾幩寕,5,懱弍,1,暊尭傝,-2,搚嵒棾偺廳妅,2,憪怘棾偺廳崪,3,寴棾崪,4,,
僈僽儖倃傾乕儉,0,1,8,1,9,99,85,136,-2,3,-4,0,1,払恖,5,夞旔嫍棧,3,怘帠,3,夞暅懍搙,-2,,,摂嫑棾偺岤旂,1,壔偗嶭偺崉恘旜,1,壔偗嶭偺忋椮,3,寴棾崪,5
僈僽儖倃僈乕僪,0,2,8,1,9,99,45,88,-1,4,-3,1,2,払恖,5,夞旔嫍棧,3,怘帠,3,夞暅懍搙,-2,,,摂嫑棾偺岤旂,1,壔偗嶭偺崉恘旜,1,壔偗嶭偺忋椮,3,寴棾崪,5
僴僾儖倃傾乕儉,0,1,8,1,9,99,85,136,2,0,-2,-4,1,懏惈夝曻,1,敳搧尭婥,2,擺搧,3,棆懏惈峌寕,-2,怘帠,3,岝傝婸偔懱塼,2,廳岤側崪,2,儌儞僗僞乕偺摿擹,2,,
僴僾儖倃僈乕僪,0,2,8,1,9,99,45,88,3,1,-1,-3,2,憰揢懍搙,3,擺搧,3,娧捠抏嫮壔,2,棆懏惈峌寕,-2,,,岝傝婸偔懱塼,2,廳岤側崪,2,儌儞僗僞乕偺摿擹,2,,
儀儕僆倃傾乕儉,0,1,8,1,9,99,87,138,-5,0,-1,3,0,夞旔惈擻,3,昘懏惈峌寕,4,懱弍,2,婥椡夞暅,-2,,,噫噙怓偺廳夊,2,敀揺廱偺崑崉栄,4,敀揺廱偺寴暊峛,5,,
儀儕僆倃僈乕僪,0,2,8,1,9,99,47,90,-4,1,0,4,1,夞旔惈擻,2,昘懏惈峌寕,5,懱弍,2,婥椡夞暅,-2,,,噫噙怓偺廳夊,2,敀揺廱偺崑崉栄,4,敀揺廱偺寴暊峛,5,,
傾僌僫倃傾乕儉,0,1,8,3,9,99,88,139,3,-5,0,-1,0,巃傟枴,2,僈乕僪惈擻,3,掙椡,-2,壩懏惈峌寕,2,,,墛滣棾偺廳妅,4,峳婼奮偺崉捾,2,崠墛愇,4,,
傾僌僫倃僈乕僪,0,2,8,3,9,99,47,90,4,-4,1,0,1,掙椡,-2,捠忢抏嫮壔,2,惛枾幩寕,3,壩懏惈峌寕,2,,,墛滣棾偺廳妅,4,峳婼奮偺崉捾,2,崠墛愇,4,,
僈僲僗倅傾乕儉,0,1,8,1,9,99,80,135,-4,4,-4,2,0,曔妉,3,僗僞儈僫,2,懴弸,2,崅懍愝抲,3,,,悏悈棾偺岤椮,2,擏岤側岤旂,2,僇儚僘偺戝揳桘,2,,
僈僲僗倅僈乕僪,0,2,8,1,9,99,43,88,-2,6,-2,3,1,曔妉,3,僗僞儈僫,2,懴弸,2,崅懍愝抲,3,,,悏悈棾偺岤椮,2,擏岤側岤旂,2,僇儚僘偺戝揳桘,2,,
儂僋僔儞亂懗亃,0,1,8,2,9,99,84,135,-2,4,-2,3,2,懱椡,4,悈懏惈峌寕,4,杒扖擺摛棳,2,,,,,岎堈慏僠働僢僩,1,峣幹棾偺岤旂,3,嬌嵤怓偺僩僒僇,1,,
僇僀僄儞亂懗亃,0,2,8,2,9,99,45,88,-1,5,-1,4,3,懱椡,4,悈懏惈峌寕,4,杒扖擺摛棳,2,,,,,岎堈慏僠働僢僩,1,峣幹棾偺岤旂,3,嬌嵤怓偺僩僒僇,1,,
僆僂價乕僩倃儅乕僲,1,1,8,2,9,99,72,129,3,-5,3,-4,2,嵦庢,3,夞旔惈擻,3,摿庩峌寕,2,懴姦,-2,,,僪僗僣僲傾僎僴,1,峜掗僶僢僞,3,嫮椡杻醿戃,3,,
僆僂價乕僩倃僽儔僢僜,1,2,8,2,9,99,38,84,4,-4,5,-3,2,嵦庢,3,夞旔惈擻,3,摿庩峌寕,2,懴姦,-2,,,僪僗僣僲傾僎僴,1,峜掗僶僢僞,3,嫮椡杻醿戃,3,,
僷僺儊儖倃儅乕僲,2,1,8,2,9,99,72,129,3,-5,3,-4,2,嵦庢,3,夞旔惈擻,3,摿庩峌寕,2,懴姦,-2,,,僪僗僣僲傾僎僴,1,峜掗僶僢僞,3,嫮椡杻醿戃,3,,
僷僺儊儖倃僽儔僢僜,2,2,8,2,9,99,38,84,4,-4,5,-3,2,嵦庢,3,夞旔惈擻,3,摿庩峌寕,2,懴姦,-2,,,僪僗僣僲傾僎僴,1,峜掗僶僢僞,3,嫮椡杻醿戃,3,,
儘儚乕僈倃儅乕僲,1,1,8,1,10,99,92,141,-4,0,3,-1,1,懏惈夝曻,1,挳妎曐岇,1,棿懏惈峌寕,4,壛岇,-3,,,僪僗僋儚傾僎僴,1,僐僗儌儔僀僩峼愇,2,棊梲憪偺壴,3,偵偑拵,15
儘儚乕僈倃僽儔僢僜,1,2,8,1,10,99,50,91,-3,1,4,0,2,懏惈夝曻,1,挳妎曐岇,1,棿懏惈峌寕,4,壛岇,-3,,,僪僗僋儚傾僎僴,1,僐僗儌儔僀僩峼愇,2,棊梲憪偺壴,3,偵偑拵,15
僼傽儖儊儖倃儅乕僲,2,1,8,1,10,99,92,141,-4,0,3,-1,1,懏惈夝曻,1,挳妎曐岇,1,棿懏惈峌寕,4,壛岇,-3,,,僪僗僋儚傾僎僴,1,僐僗儌儔僀僩峼愇,2,棊梲憪偺壴,3,偵偑拵,15
僼傽儖儊儖倃僽儔僢僜,2,2,8,1,10,99,50,91,-3,1,4,0,2,懏惈夝曻,1,挳妎曐岇,1,棿懏惈峌寕,4,壛岇,-3,,,僪僗僋儚傾僎僴,1,僐僗儌儔僀僩峼愇,2,棊梲憪偺壴,3,偵偑拵,15
僈乕僨傿傾儞倃傾乕儉,1,1,8,1,9,99,80,135,0,0,0,0,0,嵦庢,-2,朇弍,4,愮棦娽,5,壛岇,2,,,僄儖僩儔僀僩峼愇,2,僋儘僆價僐僀儞俧,3,僈儅偺僐僀儞俧,3,,
僈乕僨傿傾儞倃僈乕僪,1,2,8,1,9,99,43,88,1,1,1,1,1,嵦庢,-2,愮棦娽,5,峀堟,3,壛岇,2,,,僄儖僩儔僀僩峼愇,2,僋儘僆價僐僀儞俧,3,僈儅偺僐僀儞俧,3,,
僿儖僷乕倃僇僼僗,2,1,8,1,9,99,80,135,0,0,0,0,0,嵦庢,-2,朇弍,4,愮棦娽,5,壛岇,2,,,僄儖僩儔僀僩峼愇,2,僋儘僆價僐僀儞俧,3,僈儅偺僐僀儞俧,3,,
僸乕儔乕倃僇僼僗,2,2,8,1,9,99,43,88,1,1,1,1,1,嵦庢,-2,愮棦娽,5,峀堟,3,壛岇,2,,,僄儖僩儔僀僩峼愇,2,僋儘僆價僐僀儞俧,3,僈儅偺僐僀儞俧,3,,
儗僊僆僗倃傾乕儉,0,1,9,1,10,99,92,145,3,0,-3,-2,0,尋偓巘,-4,懱弍,4,楐彎,1,巃弍,4,,,愮恘棾偺慚楐捾,5,愮恘棾偺巃梼捾,4,愮恘棾偺攋恘,3,僺儏傾僋儕僗僞儖,2
儗僊僆僗倃僈乕僪,0,2,9,0,10,99,50,94,4,1,-2,-1,1,憰揢懍搙,-3,斀摦,4,捠忢抏嫮壔,3,懱弍,4,楐彎,3,愮恘棾偺慚楐捾,5,愮恘棾偺巃梼捾,4,愮恘棾偺攋恘,3,僺儏傾僋儕僗僞儖,2
僗僉儏儔倅傾乕儉,0,1,9,0,10,99,92,141,-1,3,0,-3,3,攳偓庢傝,3,払恖,3,懱椡,-4,夞旔嫍棧,3,摿庩夛怱,1,奫抴鍋偺崉捾,4,奫抴鍋偺廳妅,2,廳岤側崪,1,弬拵偺廳妅,3
僗僉儏儔倅僈乕僪,0,2,9,0,10,99,50,91,0,4,1,-2,4,攳偓庢傝,3,払恖,3,懱椡,-4,夞旔嫍棧,3,摿庩夛怱,1,奫抴鍋偺崉捾,4,奫抴鍋偺廳妅,2,廳岤側崪,1,弬拵偺廳妅,3
儗僂僗倃傾乕儉,0,1,9,2,10,99,92,141,3,0,-2,0,-4,峌寕,5,壩懏惈峌寕,3,夞暅検,-2,,,,,壩棾偺岤椮,4,壩棾偺崉梼捾,2,壩棾偺恱旜,1,恀峠楡愇,2
儗僂僗倃僈乕僪,0,2,9,2,10,99,50,91,4,1,-1,1,-3,峌寕,4,壩懏惈峌寕,4,夞暅検,-2,,,,,壩棾偺岤椮,4,壩棾偺崉梼捾,2,壩棾偺恱旜,1,恀峠楡愇,2
儕僆僜僂儖倅傾乕儉,0,1,9,1,10,99,94,143,3,0,0,-2,-4,払恖,6,懱椡,-2,挳妎曐岇,1,巃傟枴,2,懏惈夛怱,2,憮壩棾偺廳妅,2,憮壩棾偺恱旜,3,廳棾崪,3,僄儖僩儔僀僩峼愇,3
儕僆僜僂儖倅僈乕僪,0,2,9,1,10,99,51,92,4,1,1,-1,-3,払恖,6,懱椡,-2,挳妎曐岇,2,捠忢抏嫮壔,2,懏惈夛怱,1,憮壩棾偺廳妅,2,憮壩棾偺恱旜,3,廳棾崪,3,僄儖僩儔僀僩峼愇,3
儗僢僋僗倃傾乕儉,0,1,9,2,10,99,96,143,2,-1,-4,0,-2,彔,2,峌寕,2,尋偓巘,-2,愮棦娽,3,怘偄偟傫朧,3,崒棾偺廳夊,3,崒棾偺岤椮,6,廳棾崪,2,嫮恱側捁棾旂,5
儗僢僋僗倃僈乕僪,0,2,9,2,10,99,52,92,3,0,-3,1,-1,斀摦,-2,峌寕,2,憰揢悢,2,愮棦娽,3,怘偄偟傫朧,3,崒棾偺廳夊,3,崒棾偺岤椮,6,廳棾崪,2,嫮恱側捁棾旂,5
儗僢僋僗倅傾乕儉,0,1,9,1,10,99,97,144,2,-4,-2,0,-1,摤嵃,1,挳妎曐岇,3,尋偓巘,-1,娤嶡娽,2,怘帠,4,崟崒棾偺廳夊,3,崟崒棾偺岤椮,5,廳棾崪,3,寴楽側捁棾崪,10
儗僢僋僗倅僈乕僪,0,2,9,1,10,99,54,94,3,-3,-1,1,0,斀摦,-1,摤嵃,1,挳妎曐岇,2,娤嶡娽,2,怘帠,4,崟崒棾偺廳夊,3,崟崒棾偺岤椮,5,廳棾崪,3,寴楽側捁棾崪,10
僕儞僆僂倃傾乕儉,0,1,9,0,10,99,90,139,0,-2,3,-4,1,寱弍,3,杮婥,5,巃傟枴,3,棆懏惈峌寕,4,婥攝,-2,棆楾棾偺崉捾,5,棆楾棾偺棆揹妅,4,棆楾棾偺崅揹栄,3,揙峛拵偺廳妅,6
僕儞僆僂倃僈乕僪,0,2,9,0,10,99,49,90,1,-1,4,-3,2,憰揢懍搙,3,杮婥,4,憰揢悢,2,棆懏惈峌寕,4,婥攝,-2,棆楾棾偺崉捾,5,棆楾棾偺棆揹妅,4,棆楾棾偺崅揹栄,3,揙峛拵偺廳妅,6
僕儞僆僂倅傾乕儉,0,1,9,1,10,99,94,143,0,-4,-5,0,4,夞旔惈擻,2,棴傔抁弅,1,柍彎,3,棿懏惈峌寕,4,夞暅検,-2,崠楾棾偺崉捾,5,崠楾棾偺柵棿妅,4,崠楾棾偺柵棿栄,3,僺儏傾僋儕僗僞儖,2
僕儞僆僂倅僈乕僪,0,2,9,1,10,99,51,92,1,-3,-4,1,5,夞旔惈擻,2,柍彎,3,憰揢悢,1,棿懏惈峌寕,4,夞暅検,-2,崠楾棾偺崉捾,5,崠楾棾偺柵棿妅,4,崠楾棾偺柵棿栄,3,僺儏傾僋儕僗僞儖,2
僙儖僞僗倃傾乕儉,0,1,9,2,10,99,96,143,-4,3,-1,-3,3,彔,2,朇弍,3,巃傟枴,1,婥椡夞暅,-2,,,廳峛拵偺廳妅,6,廳峛拵偺崉捾,2,廳峛拵偺廳嫻妅,5,儌儞僗僞乕偺摿擹,6
僙儖僞僗倃僈乕僪,0,2,9,2,10,99,52,92,-3,4,0,-2,4,憰揢懍搙,4,朇弍,3,炛抏捛壛,2,婥椡夞暅,-2,,,廳峛拵偺廳妅,6,廳峛拵偺崉捾,2,廳峛拵偺廳嫻妅,5,儌儞僗僞乕偺摿擹,6
僙儖僞僗倅傾乕儉,0,1,9,2,10,99,97,144,3,-1,-3,-4,3,朇弍,1,巃傟枴,-3,廳寕,4,憰揢悢,2,婥椡夞暅,1,朇峛拵偺廳妅,6,朇峛拵偺崉捾,2,朇峛拵偺廳嫻妅,5,儌儞僗僞乕偺摿擹,6
僙儖僞僗倅僈乕僪,0,2,9,2,10,99,54,94,4,0,-2,-3,4,朇弍,1,廳寕,4,嶶抏嫮壔,2,炛抏捛壛,3,惛枾幩寕,-3,朇峛拵偺廳妅,6,朇峛拵偺崉捾,2,朇峛拵偺廳嫻妅,5,儌儞僗僞乕偺摿擹,6
僌儔價僪倃傾乕儉,0,1,9,2,10,99,96,143,3,-4,0,2,-3,彔,1,杊屼,2,僈乕僪惈擻,4,僗僞儈僫,-1,,,奪棾偺廳妅,2,奪棾偺廳摢妅,1,廳棾崪,1,恀峠楡愇,1
僌儔價僪倃僈乕僪,0,2,9,2,10,99,52,92,4,-3,1,3,-2,斀摦,4,杊屼,2,僗僞儈僫,-1,憰揢悢,1,,,奪棾偺廳妅,2,奪棾偺廳摢妅,1,廳棾崪,1,恀峠楡愇,1
僌儔價僪倅傾乕儉,0,1,9,2,10,99,97,144,3,-5,1,1,1,婃嫮,1,僈乕僪嫮壔,2,僗僞儈僫,-2,擺搧,3,,,崟奪棾偺廳妅,2,奪棾偺崉梼,2,廳棾崪,3,嬈墛戃,3
僌儔價僪倅僈乕僪,0,2,9,2,10,99,54,94,4,-4,2,2,2,婃嫮,1,僈乕僪嫮壔,2,僗僞儈僫,-2,擺搧,3,,,崟奪棾偺廳妅,2,奪棾偺崉梼,2,廳棾崪,3,嬈墛戃,3
僨傿傾僽儘倃傾乕儉,0,1,9,1,10,99,96,143,2,0,0,-4,0,敳搧夛怱,3,尋偓巘,-2,擺搧,3,婥椡夞暅,3,懴恔,3,妏棾偺廳妅,6,妏棾偺廳峛,5,廳棾崪,3,廳岤側夊,3
僨傿傾僽儘倃僈乕僪,0,2,9,1,10,99,53,93,3,1,1,-3,1,擺搧,5,娧捠抏嫮壔,4,惛枾幩寕,-2,婥椡夞暅,3,,,妏棾偺廳妅,6,妏棾偺廳峛,5,廳棾崪,3,廳岤側夊,3
僨傿傾僽儘倅傾乕儉,0,1,9,2,10,99,98,145,4,0,0,-6,0,捝寕,3,峌寕,3,尭婥峌寕,3,KO,1,棿懏惈峌寕,-2,寴楽側崟姫偒妏,3,崟妏棾偺廳峛,3,崟妏棾偺廳妅,4,尪捁棾嬍,1
僨傿傾僽儘倅僈乕僪,0,2,9,2,10,99,54,94,5,1,1,-5,1,憰揢懍搙,3,斀摦,1,捝寕,3,捠忢抏嫮壔,3,棿懏惈峌寕,-2,寴楽側崟姫偒妏,3,崟妏棾偺廳峛,3,崟妏棾偺廳妅,4,尪捁棾嬍,1
僽儔僉倃傾乕儉,0,1,9,1,10,99,96,143,3,-4,0,-2,0,敳搧夛怱,3,摤嵃,3,夞旔惈擻,-2,掙椡,4,敋抏嫮壔,3,嵱棾偺廳崟梛峛,3,嵱棾偺崉揝対,1,岝傞擲嬠,3,嵱棾偺揤妅,1
僽儔僉倃僈乕僪,0,2,9,1,10,99,53,93,4,-3,1,-1,1,懍幩,3,摤嵃,3,夞旔惈擻,-2,掙椡,4,敋抏嫮壔,3,嵱棾偺廳崟梛峛,3,嵱棾偺崉揝対,1,岝傞擲嬠,3,嵱棾偺揤妅,1
僶儞僊僗倃傾乕儉,0,1,9,1,11,99,106,148,0,0,-4,1,-4,峌寕,4,巃傟枴,4,怘帠,3,暊尭傝,-2,,,嫲朶棾偺岤崟椮,6,嫲朶棾偺廳夊,5,懢屆棿崪,3,嵱棾偺曮嬍,1
僶儞僊僗倃僈乕僪,0,2,9,1,11,99,60,96,1,1,-3,2,-3,斀摦,3,峌寕,5,怘帠,3,暊尭傝,-2,,,嫲朶棾偺岤崟椮,6,嫲朶棾偺廳夊,5,懢屆棿崪,3,嵱棾偺曮嬍,1
働僀僆僗傾乕儉,1,1,9,3,11,99,106,148,-5,4,-3,2,-5,懏惈夝曻,1,寱弍,4,塣婥,-2,廳寕,1,,,熡撟偺棾椮,3,揤夢棿偺崉忩捾,3,崟怚棾偺崉嶴捾,3,攚斀偡傞憃媡椮,1
働僀僆僗僈乕僪,1,2,9,3,11,99,60,96,-4,5,-2,3,-4,憰揢懍搙,1,斀摦,4,塣婥,-2,廳寕,1,,,熡撟偺棾椮,3,揤夢棿偺崉忩捾,3,崟怚棾偺崉嶴捾,3,攚斀偡傞憃媡椮,1
僱僼傿儕儉傾乕儉,2,1,9,3,11,99,106,148,-5,4,-3,2,-5,懏惈夝曻,1,寱弍,4,塣婥,-2,廳寕,1,,,熡撟偺棾椮,3,揤夢棿偺崉忩捾,3,崟怚棾偺崉嶴捾,3,攚斀偡傞憃媡椮,1
僱僼傿儕儉僈乕僪,2,2,9,3,11,99,60,96,-4,5,-2,3,-4,憰揢懍搙,1,斀摦,4,塣婥,-2,廳寕,1,,,熡撟偺棾椮,3,揤夢棿偺崉忩捾,3,崟怚棾偺崉嶴捾,3,攚斀偡傞憃媡椮,1
僈儖儖僈倃傾乕儉,0,1,9,2,10,99,95,142,3,-4,3,-4,1,寱弍,-1,払恖,2,挳妎曐岇,3,巃傟枴,2,擺搧,3,崟楾捁偺岤椮,5,崟楾捁偺廳妅,3,崟楾捁偺恱旜,1,廳棾崪,2
僈儖儖僈倃僈乕僪,0,2,9,2,10,99,52,92,4,-3,4,-3,2,斀摦,3,払恖,2,挳妎曐岇,3,僗僞儈僫,-1,娧捠抏嫮壔,2,崟楾捁偺岤椮,5,崟楾捁偺廳妅,3,崟楾捁偺恱旜,1,廳棾崪,2
儌僲僽儘倃傾乕儉,0,1,9,2,10,99,96,143,0,2,-3,-4,2,懏惈夝曻,2,払恖,5,掙椡,2,愮棦娽,2,壛岇,-2,堦妏棾偺廳妅,5,寴楽側恀峠偺妏,2,堦妏棾偺廳峛,3,廳棾崪,3
儌僲僽儘倃僈乕僪,0,2,9,2,10,99,52,92,1,3,-2,-3,3,懏惈夝曻,2,払恖,5,掙椡,1,愮棦娽,2,壛岇,-2,堦妏棾偺廳妅,5,寴楽側恀峠偺妏,2,堦妏棾偺廳峛,3,廳棾崪,3
儌僲僨價儖傾乕儉,0,1,9,1,10,99,100,145,0,2,-3,-4,2,彔,2,払恖,2,掙椡,5,懱弍,3,壛岇,-2,敀堦妏棾偺廳峛,2,敀堦妏棾偺廳妅,5,寴楽側敀嬧偺妏,2,廳棾崪,3
儌僲僨價儖僈乕僪,0,2,9,1,10,99,55,94,1,3,-2,-3,3,払恖,2,掙椡,5,憰揢悢,2,懱弍,3,壛岇,-2,敀堦妏棾偺廳峛,2,敀堦妏棾偺廳妅,5,寴楽側敀嬧偺妏,2,廳棾崪,3
僑傾倃傾乕儉,0,1,9,0,10,99,95,142,-5,3,-3,2,-2,嵶嬠妛,4,彔,3,摤嵃,4,懏惈峌寕,1,壩懴惈,-4,崟怚棾偺廳妅,5,崟怚棾偺崉嶴捾,5,崟怚棾偺忋埫梼,2,崟怚棾偺揤椮,1
僑傾倃僈乕僪,0,2,9,0,10,99,52,92,-4,4,-2,3,-1,嵶嬠妛,4,摤嵃,3,憰揢悢,3,懏惈峌寕,1,壩懴惈,-5,崟怚棾偺廳妅,5,崟怚棾偺崉嶴捾,5,崟怚棾偺忋埫梼,2,崟怚棾偺揤椮,1
僫儖僈倃傾乕儉,0,1,9,2,10,99,91,140,-2,1,-4,1,1,捝寕,2,夞旔惈擻,4,僗僞儈僫,-2,夞旔嫍棧,1,婥攝,2,恦棾偺崉恘梼,3,廳棾崪,5,摿愶傾儖價僲,1,,
僫儖僈倃僈乕僪,0,2,9,2,10,99,50,91,-1,2,-3,2,2,捝寕,2,夞旔惈擻,4,僗僞儈僫,-2,夞旔嫍棧,1,婥攝,2,恦棾偺崉恘梼,3,廳棾崪,5,摿愶傾儖價僲,1,,
儔僊傾倃傾乕儉,0,1,9,1,10,99,93,142,-5,1,3,-1,-1,懏惈夝曻,3,捝寕,3,摿庩峌寕,-2,棴傔抁弅,3,壛岇,3,奀棾偺岤椮,2,奀棾偺棆揹妅,1,悈幹棾偺岤旂,3,悈幹棾偺廳妅,3
儔僊傾倃僈乕僪,0,2,9,1,10,99,51,92,-4,2,4,0,0,懏惈夝曻,3,捝寕,3,摿庩峌寕,-2,棴傔抁弅,3,壛岇,3,奀棾偺岤椮,2,奀棾偺棆揹妅,1,悈幹棾偺岤旂,3,悈幹棾偺廳妅,3
僪儃儖倃傾乕儉,0,1,9,1,10,99,96,143,-4,2,1,-2,1,敳搧尭婥,4,峌寕,3,払恖,-2,尭婥峌寕,3,媡嫬,3,旜捚棾偺廳妅,4,廳棾崪,3,憪怘棾偺廳崪,3,,
僪儃儖倃僈乕僪,0,2,9,2,10,99,52,92,-3,3,2,-1,2,峌寕,3,払恖,-2,棴傔抁弅,3,尭婥峌寕,3,媡嫬,3,旜捚棾偺廳妅,4,廳棾崪,3,憪怘棾偺廳崪,3,,
儔償傽倃傾乕儉,0,1,9,0,10,99,98,145,2,-3,0,0,1,弬帩,3,夞暅懍搙,4,婥攝,-2,擱椮,2,,,梟娾棾偺岤椮,3,廳棾崪,3,僐僗儌儔僀僩峼愇,2,,
儔償傽倃僈乕僪,0,2,9,0,10,99,54,94,3,-2,1,1,2,弬帩,3,夞暅懍搙,4,婥攝,-2,擱椮,2,,,梟娾棾偺岤椮,3,廳棾崪,3,僐僗儌儔僀僩峼愇,2,,
傾乕僥傿傾倃傾乕儉,0,1,9,2,10,99,92,141,0,-3,-3,2,3,懏惈夝曻,4,敳搧夛怱,2,僈乕僪嫮壔,3,婥椡夞暅,1,,,榗傫偩攋曅,6,僐僗儌儔僀僩峼愇,2,懢屆偺攋曅,2,惎愇偺寢徎,10
傾乕僥傿傾倃僈乕僪,0,2,9,2,10,99,50,91,1,-2,-2,3,4,斀摦,4,懍幩,3,捝寕,4,,,,,榗傫偩攋曅,6,僐僗儌儔僀僩峼愇,2,懢屆偺攋曅,2,惎愇偺寢徎,10
儂乕僋倃傾乕儉,1,1,9,2,11,99,106,148,2,-1,1,0,2,嵦庢,3,擺搧,1,庪恖,3,巜婗,2,暊尭傝,-3,椃抍僠働僢僩俧,1,僪僗僣僲傾僎僴,4,悏悈棾偺岤椮,5,惎愇偺寢徎,2
儂乕僋倃僈乕僪,1,2,9,2,11,99,60,96,3,0,2,1,3,嵦庢,3,擺搧,1,庪恖,3,巜婗,2,暊尭傝,-3,椃抍僠働僢僩俧,1,僪僗僣僲傾僎僴,4,悏悈棾偺岤椮,5,惎愇偺寢徎,2
僄僐乕儖倃傾乕儉,2,1,9,2,11,99,106,148,2,-1,1,0,2,嵦庢,3,擺搧,1,庪恖,3,巜婗,2,暊尭傝,-3,椃抍僠働僢僩俧,1,僪僗僣僲傾僎僴,4,悏悈棾偺岤椮,5,惎愇偺寢徎,2
僄僐乕儖倃僈乕僪,2,2,9,2,11,99,60,96,3,0,2,1,3,嵦庢,3,擺搧,1,庪恖,3,巜婗,2,暊尭傝,-3,椃抍僠働僢僩俧,1,僪僗僣僲傾僎僴,4,悏悈棾偺岤椮,5,惎愇偺寢徎,2
僄乕僗傾乕儉,1,1,9,3,10,99,92,141,3,0,0,0,2,寜暼,1,巃傟枴,3,楐彎,-1,,,,,昅摢僠働僢僩,2,帗壩棾偺媡椮,1,奫抴鍋偺崉捾,2,屆棿偺寣,2
僄乕僗僈乕僪,1,2,9,3,10,99,50,91,4,1,1,1,3,寜暼,1,懍幩,3,楐彎,-1,,,,,昅摢僠働僢僩,2,帗壩棾偺媡椮,1,奫抴鍋偺崉捾,2,屆棿偺寣,2
僋僀乕儞傾乕儉,2,1,9,3,10,99,92,141,3,0,0,0,2,寜暼,1,巃傟枴,3,楐彎,-1,,,,,昅摢僠働僢僩,2,帗壩棾偺媡椮,1,奫抴鍋偺崉捾,2,屆棿偺寣,2
僋僀乕儞僈乕僪,2,2,9,3,10,99,50,91,4,1,1,1,3,寜暼,1,懍幩,3,楐彎,-1,,,,,昅摢僠働僢僩,2,帗壩棾偺媡椮,1,奫抴鍋偺崉捾,2,屆棿偺寣,2
僈乕僨傿傾儞倅傾乕儉,1,1,9,1,10,99,96,143,0,0,0,0,0,掙椡,-1,崅懍愝抲,2,忔傝,4,愡怘,2,,,儊儔儞僕僃峼愇,3,僞僣僕儞僐僀儞俧,3,宄偺僐僀儞俧,3,,
僈乕僨傿傾儞倅僈乕僪,1,2,9,1,10,99,53,93,1,1,1,1,1,掙椡,-1,崅懍愝抲,2,忔傝,4,愡怘,2,,,儊儔儞僕僃峼愇,3,僞僣僕儞僐僀儞俧,3,宄偺僐僀儞俧,3,,
僿儖僷乕倅僇僼僗,2,1,9,1,10,99,96,143,0,0,0,0,0,掙椡,-1,崅懍愝抲,2,忔傝,4,愡怘,2,,,儊儔儞僕僃峼愇,3,僞僣僕儞僐僀儞俧,3,宄偺僐僀儞俧,3,,
僸乕儔乕倅僇僼僗,2,2,9,1,10,99,53,93,1,1,1,1,1,掙椡,-1,崅懍愝抲,2,忔傝,4,愡怘,2,,,儊儔儞僕僃峼愇,3,僞僣僕儞僐僀儞俧,3,宄偺僐僀儞俧,3,,
俧丒僫僀僩倃僌儔僽,1,1,9,1,12,99,110,150,0,0,0,0,0,彔,2,攳偓庢傝,4,峀堟,5,婥攝,-3,,,恀峠楡愇,3,僨儞僙僣僐僀儞俧,3,旘棾偺僐僀儞俧,3,,
俧丒僫僀僩倃僇僼僗,1,2,9,1,12,99,64,97,1,1,1,1,1,攳偓庢傝,3,憰揢悢,2,峀堟,5,婥攝,-3,,,恀峠楡愇,3,僨儞僙僣僐僀儞俧,3,旘棾偺僐僀儞俧,3,,
儊僀僪倃僌儔僽,2,1,9,1,12,99,110,150,0,0,0,0,0,彔,2,攳偓庢傝,4,峀堟,5,婥攝,-3,,,恀峠楡愇,3,僨儞僙僣僐僀儞俧,3,旘棾偺僐僀儞俧,3,,
僾儔僀儀乕僩倃僇僼僗,2,2,9,1,12,99,64,97,1,1,1,1,1,攳偓庢傝,3,憰揢悢,2,峀堟,5,婥攝,-3,,,恀峠楡愇,3,僨儞僙僣僐僀儞俧,3,旘棾偺僐僀儞俧,3,,
傾乕僋倃傾乕儉,1,1,10,1,11,99,109,151,-4,4,0,3,-6,寜暼,3,彔,3,杮婥,4,壩懴惈,-3,嫸寕懴惈,1,揤夢棿偺廳妅,5,揤夢棿偺崉忩捾,5,揤夢棿偺忋擑梼,2,揤夢棿偺揤椮,1
傾乕僋倃僈乕僪,1,2,10,1,11,99,63,98,-3,5,1,4,-5,寜暼,3,杮婥,4,憰揢悢,3,壩懴惈,-3,嫸寕懴惈,1,揤夢棿偺廳妅,5,揤夢棿偺崉忩捾,5,揤夢棿偺忋擑梼,2,揤夢棿偺揤椮,1
僼傿儕傾倃傾乕儉,2,1,10,1,11,99,109,151,-4,4,0,3,-6,寜暼,3,彔,3,杮婥,4,壩懴惈,-3,嫸寕懴惈,1,揤夢棿偺廳妅,5,揤夢棿偺崉忩捾,5,揤夢棿偺忋擑梼,2,揤夢棿偺揤椮,1
僼傿儕傾倃僈乕僪,2,2,10,1,11,99,63,98,-3,5,1,4,-5,寜暼,3,杮婥,4,憰揢悢,3,壩懴惈,-3,嫸寕懴惈,1,揤夢棿偺廳妅,5,揤夢棿偺崉忩捾,5,揤夢棿偺忋擑梼,2,揤夢棿偺揤椮,1
惸揤僲楿庤丒恀,0,1,10,1,11,99,106,148,2,1,3,-6,2,杮婥,3,摤嵃,4,僗僞儈僫,-2,棆懏惈峌寕,3,,,嬥巶巕偺崉妏,1,嬥巶巕偺怟旜,2,塻棙側捾,3,墛棿偺曮嬍,1
愬巘僲楿庤丒恀,0,2,10,1,11,99,60,96,3,2,4,-5,3,憰揢懍搙,2,杮婥,2,摤嵃,4,僗僞儈僫,-2,棆懏惈峌寕,2,嬥巶巕偺崉妏,1,嬥巶巕偺怟旜,2,塻棙側捾,3,墛棿偺曮嬍,1
搟揤僲楿庤丒恀,0,1,10,0,11,99,108,150,2,1,4,-7,2,杮婥,6,摤嵃,7,僗僞儈僫,-2,懏惈峌寕,1,,,嬥巶巕偺搟敮揤,2,墿嬥偺鄪栄,3,嬥巶巕偺怟旜,2,崟楾捁偺崉梼,3
怱柵僲楿庤丒恀,0,2,10,0,11,99,62,98,3,2,5,-6,3,杮婥,6,摤嵃,7,僗僞儈僫,-2,懏惈峌寕,1,,,嬥巶巕偺搟敮揤,2,墿嬥偺鄪栄,3,嬥巶巕偺怟旜,2,崟楾捁偺崉梼,3
僋僔儍僫倃僴僩僁乕,0,1,10,2,11,99,109,151,-2,2,-5,5,-6,夞旔惈擻,2,棴傔抁弅,2,懴弸,2,撆,-2,懏惈夛怱,3,峾棿偺廳妅,5,峾棿偺崉捾,1,峾偺岤棿椮,3,懢屆棿崪,5
僋僔儍僫倃儅僇乕儞,0,2,10,2,11,99,63,98,-1,3,-4,6,-5,夞旔惈擻,2,棴傔抁弅,2,懴弸,2,撆,-2,懏惈夛怱,3,峾棿偺廳妅,5,峾棿偺崉捾,1,峾偺岤棿椮,3,懢屆棿崪,5
僋僕儏儔僴僩僁乕,0,1,10,1,12,99,116,152,3,-6,2,6,-5,搧彔,3,巃傟枴,3,柍彎,2,撆,-3,,,嶬峾偺棿妅,5,嶬峾偺棿捾,1,嶬峾偺棿椮,3,峾棿偺曮嬍,1
僋僕儏儔儅僇乕儞,0,2,10,1,12,99,69,98,4,-5,3,7,-4,幩庤,3,斀摦,4,柍彎,3,撆,-3,,,嶬峾偺棿妅,5,嶬峾偺棿捾,1,嶬峾偺棿椮,3,峾棿偺曮嬍,1
僇僀僓乕倃傾乕儉,0,1,10,3,11,99,109,151,4,-6,1,-2,-2,嵶嬠妛,2,嫃崌,2,寱弍,3,懴姦,-2,,,墛墹棿偺廳妅,6,墛棿偺崉捾,3,恀峠楡愇,2,屆棿偺寣,5
僇僀僓乕倃僈乕僪,0,2,10,3,11,99,63,98,5,-5,2,-1,-1,嵶嬠妛,2,崉寕,2,憰揢懍搙,4,懴姦,-2,,,墛墹棿偺廳妅,6,墛棿偺崉捾,3,恀峠楡愇,2,屆棿偺寣,5
儈僤僴恀亂戝懗亃,0,1,10,2,11,99,109,151,-4,3,0,4,-1,彔,2,挳妎曐岇,3,摿庩峌寕,3,晽埑,4,懴弸,-2,夃棿偺摿忋旂,3,夃棿偺崉妏,2,屆棿偺戝曮嬍,1,屆棿偺寣,3
僩儓僞儅恀亂戝懗亃,0,2,10,2,11,99,63,98,-3,4,1,5,0,挳妎曐岇,3,摿庩峌寕,3,憰揢悢,2,晽埑,4,懴弸,-2,夃棿偺摿忋旂,3,夃棿偺崉妏,2,屆棿偺戝曮嬍,1,屆棿偺寣,3
巆梲丒恀亂楿庤亃,1,1,10,3,11,99,107,149,3,2,-4,3,-4,敳搧夛怱,2,晄摦,2,払恖,3,掙椡,-3,,,崑嶳棿偺廳峠椮,6,崑嶳棿偺廳榬峛,1,峳乆偟偄棿崉妏,2,儊儔儞僕僃峼愇,2
搶塤丒恀亂楿庤亃,1,2,10,3,11,99,61,97,4,3,-3,4,-3,憰揢懍搙,-3,懍幩,2,晄摦,2,払恖,4,,,崑嶳棿偺廳峠椮,6,崑嶳棿偺廳榬峛,1,峳乆偟偄棿崉妏,2,儊儔儞僕僃峼愇,2
忢斨丒恀亂楿庤亃,2,1,10,3,11,99,107,149,3,2,-4,3,-4,敳搧夛怱,2,晄摦,2,払恖,3,掙椡,-3,,,崑嶳棿偺廳峠椮,6,崑嶳棿偺廳榬峛,1,峳乆偟偄棿崉妏,2,儊儔儞僕僃峼愇,2
敧愮戙丒恀亂戝懗亃,2,2,10,3,11,99,61,97,4,3,-3,4,-3,憰揢懍搙,-3,懍幩,2,晄摦,2,払恖,4,,,崑嶳棿偺廳峠椮,6,崑嶳棿偺廳榬峛,1,峳乆偟偄棿崉妏,2,儊儔儞僕僃峼愇,2
僑僌傾乕儉,0,1,10,2,12,99,110,152,-4,3,0,3,-7,払恖,2,朇弍,4,尋偓巘,-3,旈揱,2,,,嫄寔棿偺愴捾,5,嫄寔棿偺嬝慇梼,2,嫄寔棿偺忛妅,5,僐僗儌儔僀僩峼愇,3
儅僑僌僈乕僪,0,2,10,2,12,99,64,98,-3,4,1,4,-6,憰揢懍搙,-1,捠忢抏嫮壔,4,幩朄,1,旈揱,2,,,嫄寔棿偺愴捾,5,嫄寔棿偺嬝慇梼,2,嫄寔棿偺忛妅,5,僐僗儌儔僀僩峼愇,3
儕儀儕僆儞倅傾乕儉,0,1,10,1,12,99,112,152,3,3,-2,-2,-3,忬懺懴惈,2,敳搧尭婥,4,払恖,-3,,,,,幹掗棿偺岤旜椮,4,幹掗棿偺戝愵恘,3,揤寱偺棿嬍,1,夃棿偺摿忋旂,6
儔僀僆僢僩倅僈乕僪,0,2,10,1,12,99,65,98,4,4,-1,-1,-2,忬懺懴惈,2,懍幩,4,払恖,-3,,,,,幹掗棿偺岤旜椮,4,幹掗棿偺戝愵恘,3,揤寱偺棿嬍,1,夃棿偺摿忋旂,6
傾僇儉僩倃僒僋儞儁,0,1,10,2,12,99,110,150,4,0,-3,2,-5,寱弍,1,彔,2,払恖,1,挳妎曐岇,2,巃傟枴,-2,攅棾偺崉楐捾,5,攅棾偺岤椮,4,攅摫嬍,1,戝棾嬍,2
傾僇儉僩倃僲僉儕儁,0,2,10,2,12,99,64,97,5,1,-2,3,-4,憰揢懍搙,-2,払恖,1,挳妎曐岇,3,憰揢悢,2,幩朄,2,攅棾偺崉楐捾,5,攅棾偺岤椮,4,攅摫嬍,1,戝棾嬍,2
僂僇儉儖倃僒僋儞儁,0,1,10,2,11,99,106,148,-5,0,-3,4,-2,寱弍,3,彔,1,捝寕,2,壛岇,-2,懴恔,3,曵棾偺岤暊椮,5,曵棾偺崉慂捾,3,曵棾偺廳旜,1,敀揺廱偺抧崠帹,3
僂僇儉儖倃僲僉儕儁,0,2,10,2,11,99,60,96,-4,1,-2,5,-1,憰揢懍搙,5,捝寕,2,憰揢悢,1,壛岇,-2,,,曵棾偺岤暊椮,5,曵棾偺崉慂捾,3,曵棾偺廳旜,1,敀揺廱偺抧崠帹,3
僌儕乕僪倅傾乕儉,0,1,10,1,11,99,108,150,-1,-1,-3,-1,-1,峌寕,5,巃傟枴,4,怘帠,3,暊尭傝,-2,,,嬌埆側夊,4,嫲朶棾偺岤崟椮,6,嫲朶棾偺柵椮,1,戝棾嬍,1
僌儕乕僪倅僈乕僪,0,2,10,1,11,99,62,98,0,0,-2,0,0,斀摦,4,峌寕,4,怘帠,3,暊尭傝,-2,,,嬌埆側夊,4,嫲朶棾偺岤崟椮,6,嫲朶棾偺柵椮,1,戝棾嬍,1
僄僋僗僛儘倅傾乕儉,0,1,10,1,12,99,116,152,3,-5,2,-3,1,峌寕,4,挳妎曐岇,2,尋偓巘,-2,尭婥峌寕,4,怘帠,4,戝崒棾偺廳夊,3,戝崒棾偺岤椮,6,戝崒棾偺恱旜,2,屆棿偺戝曮嬍,1
僄僋僗僛儘倅僈乕僪,0,2,10,1,12,99,69,98,4,-4,3,-2,2,斀摦,-2,峌寕,4,挳妎曐岇,2,尭婥峌寕,4,怘帠,4,戝崒棾偺廳夊,3,戝崒棾偺岤椮,6,戝崒棾偺恱旜,2,屆棿偺戝曮嬍,1
僽儔僉僂儉傾乕儉,0,1,10,1,12,99,116,152,4,-3,0,-3,0,摤嵃,3,掙椡,3,廳寕,2,忔傝,-3,崉榬,3,嵱棾偺寕柵対,1,嵱棾偺廳崟梛峛,3,椪奅嬌傑傞擲嬠,3,嵱棾偺揤妅,1
僽儔僉僂儉僈乕僪,0,2,10,1,12,99,69,98,5,-2,1,-2,1,摤嵃,3,掙椡,3,廳寕,2,忔傝,-3,崉榬,3,嵱棾偺寕柵対,1,嵱棾偺廳崟梛峛,3,椪奅嬌傑傞擲嬠,3,嵱棾偺揤妅,1
儔乕僗僋儘僂,0,1,10,1,12,99,120,156,2,-1,1,-3,-4,搟,2,峌寕,4,杊屼,-3,巃弍,2,,,崟棿偺峠墜妏,2,崟棿偺峠墜妅,4,崟棿偺峠墜梼,3,戝抧偺棿恄嬍,1
儔乕僗僼傿僗僩,0,2,10,1,12,99,72,101,3,0,2,-2,-5,搟,2,峌寕,4,杊屼,-3,棤壱嬈,2,,,崟棿偺峠墜妏,2,崟棿偺峠墜妅,4,崟棿偺峠墜梼,3,戝抧偺棿恄嬍,1
僉儕儞倃傾乕儉儘儞僌,0,1,10,3,11,99,98,145,-3,-3,5,-1,3,懏惈夝曻,2,懏惈懴惈,2,塣婥,-3,懏惈峌寕,2,,,僉儕儞偺摿忋旂,3,僉儕儞偺恱棆旜,3,惵夦捁偺廳妅,6,僐僗儌儔僀僩峼愇,2
僉儕儞倃僌儘乕僽,0,2,10,3,11,99,54,94,-2,-2,6,0,4,懏惈夝曻,2,懏惈懴惈,2,塣婥,-3,懏惈峌寕,2,,,僉儕儞偺摿忋旂,3,僉儕儞偺恱棆旜,3,惵夦捁偺廳妅,6,僐僗儌儔僀僩峼愇,2
僉儕儞倅傾乕儉儘儞僌,0,1,10,2,11,99,99,146,-3,-3,-1,6,3,夞旔弍,1,懏惈懴惈,1,塣婥,-3,昘懏惈峌寕,4,懏惈峌寕,3,僉儕儞偺恱憵旜,4,僉儕儞偺摿忋旂,4,屆棿偺寣,5,崟楾捁偺恱旜,3
僉儕儞倅僌儘乕僽,0,2,10,2,11,99,55,95,-2,-2,0,7,4,夞旔弍,1,懏惈懴惈,1,塣婥,-3,昘懏惈峌寕,4,懏惈峌寕,3,僉儕儞偺恱憵旜,4,僉儕儞偺摿忋旂,4,屆棿偺寣,5,崟楾捁偺恱旜,3
栭嵆丒恀亂屼庤亃,0,1,10,1,11,99,110,152,2,2,0,-2,-2,寱弍,2,懏惈懴惈,3,掙椡,-2,壛岇,2,崉榬,3,懢屆偺棿栘,1,晜妜棿偺僸儗,1,僺儏傾僋儕僗僞儖,3,,
廋梾丒恀亂屼庤亃,0,2,10,1,11,99,64,99,3,4,2,-1,-1,懏惈懴惈,3,掙椡,-2,憰揢悢,2,壛岇,2,崉榬,3,懢屆偺棿栘,1,晜妜棿偺僸儗,1,僺儏傾僋儕僗僞儖,3,,
戝榓丒恀亂楿庤亃,1,1,10,3,11,99,108,150,3,1,0,-4,-4,払恖,2,掙椡,-2,棴傔抁弅,2,,,,,曱嶳棿偺廳榬峛,1,奪棾偺廳妅,6,戝抧偺棿恄嬍,1,,
棨墱丒恀亂楿庤亃,1,2,10,3,11,99,62,98,4,2,1,-3,-3,憰揢懍搙,-2,斀摦,3,娧捠抏嫮壔,2,,,,,曱嶳棿偺廳榬峛,1,奪棾偺廳妅,6,戝抧偺棿恄嬍,1,,
擔岦丒恀亂楿庤亃,2,1,10,3,11,99,108,150,3,1,0,-4,-4,払恖,2,掙椡,-2,棴傔抁弅,2,,,,,曱嶳棿偺廳榬峛,1,奪棾偺廳妅,6,戝抧偺棿恄嬍,1,,
揤忛丒恀亂楿庤亃,2,2,10,3,11,99,62,98,4,2,1,-3,-3,憰揢懍搙,-2,斀摦,3,娧捠抏嫮壔,2,,,,,曱嶳棿偺廳榬峛,1,奪棾偺廳妅,6,戝抧偺棿恄嬍,1,,
僄儞僾儗僗倃傾乕儉,0,1,10,2,11,99,110,152,4,-2,1,-6,-2,懏惈夝曻,3,払恖,2,僈乕僪惈擻,2,懴姦,-2,怑岺,2,墛斳棿偺廳妅,3,墛斳棿偺怟旜,1,崟崒棾偺崉捾,4,恀峠楡愇,2
僄儞僾儗僗倃僈乕僪,0,2,10,2,11,99,64,99,5,-1,2,-5,-1,懏惈夝曻,3,払恖,2,僈乕僪嫮壔,2,懴姦,-2,怑岺,2,墛斳棿偺廳妅,3,墛斳棿偺怟旜,1,崟崒棾偺崉捾,4,恀峠楡愇,2
僿儕僆僗倃傾乕儉,1,1,10,0,11,99,108,150,0,3,-2,1,-5,挳妎曐岇,4,僗僞儈僫,5,廳寕,3,悈懏惈峌寕,3,壛岇,-2,戝奀棿偺椮,2,戝奀棿偺奪栄,1,戝棾嬍,2,,
僿儕僆僗倃僈乕僪,1,2,10,0,11,99,62,98,1,4,-1,2,-4,挳妎曐岇,4,僗僞儈僫,5,廳寕,3,悈懏惈峌寕,3,壛岇,-2,戝奀棿偺椮,2,戝奀棿偺奪栄,1,戝棾嬍,2,,
僙儗僱倃傾乕儉,2,1,10,0,11,99,108,150,0,3,-2,1,-5,挳妎曐岇,4,僗僞儈僫,5,廳寕,3,悈懏惈峌寕,3,壛岇,-2,戝奀棿偺椮,2,戝奀棿偺奪栄,1,戝棾嬍,2,,
僙儗僱倃僈乕僪,2,2,10,0,11,99,62,98,1,4,-1,2,-4,挳妎曐岇,4,僗僞儈僫,5,廳寕,3,悈懏惈峌寕,3,壛岇,-2,戝奀棿偺椮,2,戝奀棿偺奪栄,1,戝棾嬍,2,,
EX嬇娵亂楿庤亃,1,1,10,1,12,99,116,152,-2,2,0,2,-4,僗僞儈僫,-2,廳寕,4,壛岇,1,巃弍,3,,,榁嶳棿偺廳妅,4,榁嶳棿偺岤椮,2,愮恘棾偺嬀嬍,1,,
EX弻娵亂楿庤亃,1,2,10,2,12,99,69,98,-1,3,1,3,-3,僗僞儈僫,-2,廳寕,4,壛岇,1,棤壱嬈,3,,,榁嶳棿偺廳妅,4,榁嶳棿偺岤椮,2,愮恘棾偺嬀嬍,1,,
EX檢亂楿庤亃,2,1,10,1,12,99,116,152,-2,2,0,2,-4,僗僞儈僫,-2,廳寕,4,壛岇,1,巃弍,3,,,榁嶳棿偺廳妅,4,榁嶳棿偺岤椮,2,愮恘棾偺嬀嬍,1,,
EX墣亂楿庤亃,2,2,10,2,12,99,69,98,-1,3,1,3,-3,僗僞儈僫,-2,廳寕,4,壛岇,1,棤壱嬈,3,,,榁嶳棿偺廳妅,4,榁嶳棿偺岤椮,2,愮恘棾偺嬀嬍,1,,
峳揤亂逶亃,0,1,10,0,12,99,112,152,-3,4,0,0,-5,彔,1,杮婥,5,悈懏惈峌寕,3,怘帠,-1,懏惈夛怱,4,棐棿偺旘枌,2,棐棿偺寴妅,4,塓姫崪,7,揤寱偺棿恄嬍,1
憮揤亂逶亃,0,2,10,0,12,99,65,98,-2,5,0,0,-4,杮婥,5,憰揢悢,1,悈懏惈峌寕,3,怘帠,-1,懏惈夛怱,4,棐棿偺旘枌,2,棐棿偺寴妅,4,塓姫崪,7,揤寱偺棿恄嬍,1
儈儔傾儖儅僋儘僂,0,1,10,2,12,99,116,152,4,0,-3,1,-7,杮婥,2,晄摦,2,峌寕,6,僗僞儈僫,-1,,,楖崟棿偺崟椮,4,楖崟棿偺庈擬妀,2,岝墛偺戝棿嬍,1,憮壩棾偺廳妅,10
儈儔傾儖儅僼傿僗僩,0,2,10,2,12,99,69,98,5,1,-2,2,-6,杮婥,2,晄摦,1,峌寕,6,僗僞儈僫,-1,,,楖崟棿偺崟椮,4,楖崟棿偺庈擬妀,2,岝墛偺戝棿嬍,1,憮壩棾偺廳妅,10
EX僄僗僇僪儔傾儉僘,0,1,10,1,12,99,112,152,-3,-2,3,3,-2,懏惈懴惈,1,夞旔嫍棧,1,婥愨,-3,旈揱,2,,,鄪崟棿偺揤椮,4,鄪崟棿偺嫢捾,3,曵揤嬍,1,儅儃儘僔僠儑僂,2
EX僄僗僇僪儔傾儖儅,0,2,10,1,12,99,65,98,-2,-1,4,4,-1,懏惈懴惈,1,夞旔嫍棧,1,婥愨,-3,幩朄,3,,,鄪崟棿偺揤椮,4,鄪崟棿偺嫢捾,3,曵揤嬍,1,儅儃儘僔僠儑僂,2
僗僞乕僫僀僩傾乕儉,0,1,10,3,11,99,100,151,1,1,1,1,1,彔,1,摤嵃,3,忔傝,2,巃弍,1,,,僗僞僕僆俽僷僗,1,愮恘棾偺慚楐捾,3,愮恘棾偺巃梼捾,2,愮恘棾偺嬀嬍,1
僗僞乕僫僀僩僈乕僪,0,2,10,3,11,99,55,97,2,2,2,2,2,摤嵃,3,柍彎,2,憰揢悢,1,忔傝,2,,,僗僞僕僆俽僷僗,1,愮恘棾偺慚楐捾,3,愮恘棾偺巃梼捾,2,愮恘棾偺嬀嬍,1
斀媡墹俰僌儔僽,0,1,10,0,11,99,100,151,-4,-4,-4,-4,-4,摲宯摑攞壛,1,,,,,,,,,斀媡俰僠働僢僩,1,戝挿榁僠働僢僩俽,2,崠墛偺岤棿椮,5,墛墹棿偺崉妏,2
斀媡墹俰僇僼僗,0,2,10,0,11,99,55,97,-3,-3,-3,-3,-3,摲宯摑攞壛,1,,,,,,,,,斀媡俰僠働僢僩,1,戝挿榁僠働僢僩俽,2,崠墛偺岤棿椮,5,墛墹棿偺崉妏,2
墹幰偺僶儞僥乕僕,0,1,10,0,11,99,88,152,-2,-2,-2,-2,4,廳寕,1,崻惈,4,懏惈峌寕,-3,懱弍,2,崉榬,4,恘夊摴偺徹,1,墿嬥偺鄪栄,2,嬥巶巕偺崉妏,2,嬥巶巕偺崟峳栄,6
嫮幰偺僶儞僥乕僕,0,2,10,0,11,99,47,100,-1,-1,-1,-1,5,廳寕,1,崻惈,4,懏惈峌寕,-3,懱弍,2,崉榬,4,恘夊摴偺徹,1,墿嬥偺鄪栄,2,嬥巶巕偺崉妏,2,嬥巶巕偺崟峳栄,6
僶儕傾僗乕僣僈乕僪,1,1,10,0,11,99,116,152,3,3,3,3,-4,忬懺懴惈,3,彔,3,晄摦,2,暊尭傝,-4,,,儌僕儏乕儖婡擻,1,恀峠楡愇,3,奫抴鍋偺崉捾,4,戝挿榁僠働僢僩俽,2
僶儕傾僗乕僣僔乕儖僪,1,2,10,0,11,99,69,100,4,4,4,4,-3,忬懺懴惈,3,懍幩,3,晄摦,2,暊尭傝,-4,,,儌僕儏乕儖婡擻,1,恀峠楡愇,3,奫抴鍋偺崉捾,4,戝挿榁僠働僢僩俽,2
僛儘僗乕僣僌儔僽,2,1,10,0,11,99,88,142,3,3,3,3,-4,夞旔弍,2,彔,3,杊屼,-4,婥椡夞暅,3,,,儌僕儏乕儖婡擻,1,僺儏傾僋儕僗僞儖,2,奫抴鍋偺崉捾,4,戝挿榁僠働僢僩俽,2
僛儘僗乕僣僴儞僪,2,2,10,0,11,99,47,92,4,4,4,4,-3,夞旔弍,2,懍幩,3,杊屼,-4,婥椡夞暅,3,,,儌僕儏乕儖婡擻,1,僺儏傾僋儕僗僞儖,2,奫抴鍋偺崉捾,4,戝挿榁僠働僢僩俽,2
俧丒儖僫倅傾乕儉,0,1,10,1,11,99,108,150,2,-4,-7,0,4,塣婥,5,曔妉,2,廳寕,4,棆懴惈,-2,壛岇,2,嬥壩棾偺廳妅,5,壩棾偺崉梼捾,4,帗壩棾偺揤椮,1,恀峠楡愇,4
俧丒儖僫倅僈乕僪,0,2,10,1,11,99,62,98,3,-3,-6,1,5,塣婥,5,曔妉,2,廳寕,4,棆懴惈,-2,壛岇,2,嬥壩棾偺廳妅,5,壩棾偺崉梼捾,4,帗壩棾偺揤椮,1,恀峠楡愇,4
俽丒僜儖倅傾乕儉,0,1,10,2,11,99,108,150,2,-7,-4,0,4,捝寕,2,払恖,1,巃傟枴,1,壩懏惈峌寕,4,夞暅検,-3,嬧壩棾偺恱旜,1,壩棾偺峠嬍,2,壩棾偺崉梼捾,4,恀峠楡愇,3
俽丒僜儖倅僈乕僪,0,2,10,2,11,99,62,98,3,-6,-3,1,5,捝寕,2,払恖,1,娧捠抏嫮壔,1,壩懏惈峌寕,4,夞暅検,-3,嬧壩棾偺恱旜,1,壩棾偺峠嬍,2,壩棾偺崉梼捾,4,恀峠楡愇,3
儕儀儕僆儞倃傾乕儉,0,1,10,0,12,99,110,152,3,3,-2,-2,-3,搟,3,嫃崌,3,峌寕,-4,,,,,幹墹棿偺岤旜椮,4,幹墹棿偺戝愵恘,3,揤寱偺棿嬍,1,夃棿偺摿忋旂,6
儔僀僆僢僩倃僈乕僪,0,2,10,0,12,99,64,98,4,4,-1,-1,-2,搟,3,崉寕,3,峌寕,-4,,,,,幹墹棿偺岤旜椮,4,幹墹棿偺戝愵恘,3,揤寱偺棿嬍,1,夃棿偺摿忋旂,6
僪儔僑儞倃僋儘僂,0,1,10,0,12,99,118,154,-3,2,2,-1,-6,崉寕,3,彔,3,巃傟枴,3,擺搧,3,棴傔抁弅,-2,崟棿偺崉妏,2,崟棿偺廳妅,2,崟棿偺崉梼,3,帗壩棾偺揤椮,1
僪儔僑儞倃僼傿僗僩,0,2,10,0,12,99,71,100,-2,3,3,0,-5,崉寕,3,擺搧,3,棴傔抁弅,-2,憰揢悢,3,娧捠抏嫮壔,3,崟棿偺崉妏,2,崟棿偺廳妅,2,崟棿偺崉梼,3,帗壩棾偺揤椮,1
儈儔儖乕僣僋儘僂,0,1,10,0,12,99,120,156,-2,2,2,-1,-7,搧彔,2,塣婥,-2,払恖,5,懱弍,4,,,慶棿偺崉妏,2,慶棿偺廳妅,1,慶棿偺崉梼,3,崠楾棾偺揤嬍,1
儈儔儖乕僣僼傿僗僩,0,2,10,0,12,99,72,101,-1,3,3,0,-6,幩庤,2,塣婥,-2,払恖,5,懱弍,4,,,慶棿偺崉妏,2,慶棿偺廳妅,1,慶棿偺崉梼,3,崠楾棾偺揤嬍,1
GX僴儞僞乕僋儔乕僋,0,1,10,3,12,99,120,156,0,1,-3,0,0,摤嵃,6,壛岇,-3,,,,,,,庪恖僠働僢僩,1,嬥巶巕偺崟峳栄,8,儔乕僕儍儞僴乕僩,1,廳岤側崪,4
GX僴儞僞乕僇僲儞,0,2,10,3,12,99,72,101,1,2,-2,1,1,摤嵃,6,壛岇,-3,,,,,,,庪恖僠働僢僩,1,嬥巶巕偺崟峳栄,8,儔乕僕儍儞僴乕僩,1,廳岤側崪,4
GX僌儕乕僪僋儔乕僋,0,1,10,0,12,99,100,151,-5,-5,-5,-5,-5,捝寕,3,攳偓庢傝,5,塣婥,3,払恖,-3,,,嫮梸僠働僢僩,1,寣愴偺幗崟旂,5,嫲朶棾偺曮嬍,1,戝棾嬍,3
GX僌儕乕僪僇僲儞,0,2,10,0,12,99,55,97,-4,-4,-4,-4,-4,捝寕,2,攳偓庢傝,5,塣婥,3,払恖,-3,,,嫮梸僠働僢僩,1,寣愴偺幗崟旂,5,嫲朶棾偺曮嬍,1,戝棾嬍,3
GX峳揤亂塇逶亃,0,1,10,0,12,99,88,152,-3,4,0,0,-5,摲宯摑攞壛,1,,,,,,,,,棐棿僠働僢僩,1,嫄寔棿偺愴捾,4,嫄寔棿偺嬝慇梼,3,棆楾棾偺揤嬍,1
GX憮揤亂塇逶亃,0,2,10,0,12,99,47,100,-2,5,0,0,-4,摲宯摑攞壛,1,,,,,,,,,棐棿僠働僢僩,1,嫄寔棿偺愴捾,4,嫄寔棿偺嬝慇梼,3,棆楾棾偺揤嬍,1
GX儈儔僶儖倅僋儔乕僋,0,1,10,1,12,99,110,152,2,-1,1,-3,-7,搧彔,3,崻惈,1,懱弍,-2,旈揱,1,,,峠棿僠働僢僩,1,崟棿偺峠墜妅,4,崟棿偺峠墜妏,4,晄柵偺楩怱妅,1
GX儈儔僶儖倅僇僲儞,0,2,10,1,12,99,64,98,3,0,2,-2,-6,幩庤,3,崻惈,1,懱弍,-2,棤壱嬈,1,,,峠棿僠働僢僩,1,崟棿偺峠墜妅,4,崟棿偺峠墜妏,4,晄柵偺楩怱妅,1
